year,location,event_name,status,error
2018,Austin,United States Grand Prix,skipped (already pulled),
2019,Austin,United States Grand Prix,skipped (already pulled),
2021,Austin,United States Grand Prix,skipped (already pulled),
2022,Austin,United States Grand Prix,skipped (already pulled),
2023,Austin,United States Grand Prix,skipped (already pulled),
2024,Austin,United States Grand Prix,skipped (already pulled),
2025,Austin,United States Grand Prix,skipped (already pulled),
2026,Austin,United States Grand Prix,FAILED,DataNotLoadedError: The data you are trying to access has not been loaded yet. See `Session.load`
2018,Baku,Azerbaijan Grand Prix,skipped (already pulled),
2019,Baku,Azerbaijan Grand Prix,skipped (already pulled),
2021,Baku,Azerbaijan Grand Prix,skipped (already pulled),
2022,Baku,Azerbaijan Grand Prix,skipped (already pulled),
2023,Baku,Azerbaijan Grand Prix,skipped (already pulled),
2024,Baku,Azerbaijan Grand Prix,skipped (already pulled),
2025,Baku,Azerbaijan Grand Prix,skipped (already pulled),
2026,Baku,Azerbaijan Grand Prix,FAILED,DataNotLoadedError: The data you are trying to access has not been loaded yet. See `Session.load`
2018,Barcelona,Spanish Grand Prix,skipped (already pulled),
2019,Barcelona,Spanish Grand Prix,skipped (already pulled),
2020,Barcelona,Spanish Grand Prix,skipped (already pulled),
2021,Barcelona,Spanish Grand Prix,skipped (already pulled),
2022,Barcelona,Spanish Grand Prix,skipped (already pulled),
2023,Barcelona,Spanish Grand Prix,skipped (already pulled),
2024,Barcelona,Spanish Grand Prix,skipped (already pulled),
2025,Barcelona,Spanish Grand Prix,skipped (already pulled),
2026,Barcelona,Barcelona Grand Prix,skipped (already pulled),
2018,Budapest,Hungarian Grand Prix,skipped (already pulled),
2019,Budapest,Hungarian Grand Prix,skipped (already pulled),
2020,Budapest,Hungarian Grand Prix,skipped (already pulled),
2021,Budapest,Hungarian Grand Prix,skipped (already pulled),
2022,Budapest,Hungarian Grand Prix,skipped (already pulled),
2023,Budapest,Hungarian Grand Prix,skipped (already pulled),
2024,Budapest,Hungarian Grand Prix,skipped (already pulled),
2025,Budapest,Hungarian Grand Prix,skipped (already pulled),
2026,Budapest,Hungarian Grand Prix,skipped (already pulled),
2020,Imola,Emilia Romagna Grand Prix,skipped (already pulled),
2021,Imola,Emilia Romagna Grand Prix,skipped (already pulled),
2022,Imola,Emilia Romagna Grand Prix,skipped (already pulled),
2024,Imola,Emilia Romagna Grand Prix,skipped (already pulled),
2025,Imola,Emilia Romagna Grand Prix,skipped (already pulled),
2021,Jeddah,Saudi Arabian Grand Prix,skipped (already pulled),
2022,Jeddah,Saudi Arabian Grand Prix,skipped (already pulled),
2023,Jeddah,Saudi Arabian Grand Prix,skipped (already pulled),
2024,Jeddah,Saudi Arabian Grand Prix,skipped (already pulled),
2025,Jeddah,Saudi Arabian Grand Prix,skipped (already pulled),
2021,Lusail,Qatar Grand Prix,skipped (already pulled),
2023,Lusail,Qatar Grand Prix,skipped (already pulled),
2024,Lusail,Qatar Grand Prix,skipped (already pulled),
2025,Lusail,Qatar Grand Prix,skipped (already pulled),
2026,Lusail,Qatar Grand Prix,FAILED,DataNotLoadedError: The data you are trying to access has not been loaded yet. See `Session.load`
2018,Melbourne,Australian Grand Prix,skipped (already pulled),
2019,Melbourne,Australian Grand Prix,skipped (already pulled),
2022,Melbourne,Australian Grand Prix,skipped (already pulled),
2023,Melbourne,Australian Grand Prix,skipped (already pulled),
2024,Melbourne,Australian Grand Prix,skipped (already pulled),
2025,Melbourne,Australian Grand Prix,skipped (already pulled),
2026,Melbourne,Australian Grand Prix,skipped (already pulled),
2018,Mexico City,Mexican Grand Prix,skipped (already pulled),
2019,Mexico City,Mexican Grand Prix,skipped (already pulled),
2021,Mexico City,Mexico City Grand Prix,skipped (already pulled),
2022,Mexico City,Mexico City Grand Prix,skipped (already pulled),
2023,Mexico City,Mexico City Grand Prix,skipped (already pulled),
2024,Mexico City,Mexico City Grand Prix,skipped (already pulled),
2025,Mexico City,Mexico City Grand Prix,skipped (already pulled),
2026,Mexico City,Mexico City Grand Prix,FAILED,DataNotLoadedError: The data you are trying to access has not been loaded yet. See `Session.load`
2018,Monaco,Monaco Grand Prix,skipped (already pulled),
2019,Monaco,Monaco Grand Prix,skipped (already pulled),
2021,Monaco,Monaco Grand Prix,skipped (already pulled),
2022,Monaco,Monaco Grand Prix,skipped (already pulled),
2023,Monaco,Monaco Grand Prix,skipped (already pulled),
2024,Monaco,Monaco Grand Prix,skipped (already pulled),
2025,Monaco,Monaco Grand Prix,skipped (already pulled),
2026,Monaco,Monaco Grand Prix,skipped (already pulled),
2018,Montréal,Canadian Grand Prix,skipped (already pulled),
2019,Montréal,Canadian Grand Prix,skipped (already pulled),
2022,Montréal,Canadian Grand Prix,skipped (already pulled),
2023,Montréal,Canadian Grand Prix,skipped (already pulled),
2024,Montréal,Canadian Grand Prix,skipped (already pulled),
2025,Montréal,Canadian Grand Prix,skipped (already pulled),
2026,Montréal,Canadian Grand Prix,skipped (already pulled),
2018,Monza,Italian Grand Prix,FAILED,DataNotLoadedError: The data you are trying to access has not been loaded yet. See `Session.load`
2019,Monza,Italian Grand Prix,skipped (already pulled),
2020,Monza,Italian Grand Prix,skipped (already pulled),
2021,Monza,Italian Grand Prix,skipped (already pulled),
2022,Monza,Italian Grand Prix,skipped (already pulled),
2023,Monza,Italian Grand Prix,skipped (already pulled),
2024,Monza,Italian Grand Prix,skipped (already pulled),
2025,Monza,Italian Grand Prix,skipped (already pulled),
2026,Monza,Italian Grand Prix,skipped (already pulled),
2018,Sakhir,Bahrain Grand Prix,skipped (already pulled),
2019,Sakhir,Bahrain Grand Prix,skipped (already pulled),
2020,Sakhir,Bahrain Grand Prix,OK  laps=1019 weather=216 race_control=56 results=20,
2020,Sakhir,Sakhir Grand Prix,OK  laps=1534 weather=127 race_control=89 results=20,
2021,Sakhir,Bahrain Grand Prix,skipped (already pulled),
2022,Sakhir,Bahrain Grand Prix,skipped (already pulled),
2023,Sakhir,Bahrain Grand Prix,skipped (already pulled),
2024,Sakhir,Bahrain Grand Prix,skipped (already pulled),
2025,Sakhir,Bahrain Grand Prix,skipped (already pulled),
2026,Sakhir,Bahrain Grand Prix,FAILED,DataNotLoadedError: The data you are trying to access has not been loaded yet. See `Session.load`
2018,Silverstone,British Grand Prix,skipped (already pulled),
2019,Silverstone,British Grand Prix,skipped (already pulled),
2020,Silverstone,British Grand Prix,OK  laps=897 weather=128 race_control=54 results=20,
2020,Silverstone,70th Anniversary Grand Prix,OK  laps=1025 weather=116 race_control=53 results=20,
2021,Silverstone,British Grand Prix,skipped (already pulled),
2022,Silverstone,British Grand Prix,skipped (already pulled),
2023,Silverstone,British Grand Prix,skipped (already pulled),
2024,Silverstone,British Grand Prix,skipped (already pulled),
2025,Silverstone,British Grand Prix,skipped (already pulled),
2026,Silverstone,British Grand Prix,skipped (already pulled),
2018,Spa-Francorchamps,Belgian Grand Prix,skipped (already pulled),
2019,Spa-Francorchamps,Belgian Grand Prix,skipped (already pulled),
2020,Spa-Francorchamps,Belgian Grand Prix,skipped (already pulled),
2021,Spa-Francorchamps,Belgian Grand Prix,skipped (already pulled),
2022,Spa-Francorchamps,Belgian Grand Prix,skipped (already pulled),
2023,Spa-Francorchamps,Belgian Grand Prix,skipped (already pulled),
2024,Spa-Francorchamps,Belgian Grand Prix,skipped (already pulled),
2025,Spa-Francorchamps,Belgian Grand Prix,skipped (already pulled),
2026,Spa-Francorchamps,Belgian Grand Prix,skipped (already pulled),
2018,Spielberg,Austrian Grand Prix,skipped (already pulled),
2019,Spielberg,Austrian Grand Prix,skipped (already pulled),
2020,Spielberg,Austrian Grand Prix,OK  laps=1061 weather=120 race_control=87 results=20,
2020,Spielberg,Styrian Grand Prix,OK  laps=1226 weather=120 race_control=104 results=20,
2021,Spielberg,Styrian Grand Prix,OK  laps=1296 weather=118 race_control=104 results=20,
2021,Spielberg,Austrian Grand Prix,OK  laps=1338 weather=156 race_control=118 results=20,
2022,Spielberg,Austrian Grand Prix,skipped (already pulled),
2023,Spielberg,Austrian Grand Prix,skipped (already pulled),
2024,Spielberg,Austrian Grand Prix,skipped (already pulled),
2025,Spielberg,Austrian Grand Prix,skipped (already pulled),
2026,Spielberg,Austrian Grand Prix,skipped (already pulled),
2018,Suzuka,Japanese Grand Prix,skipped (already pulled),
2019,Suzuka,Japanese Grand Prix,skipped (already pulled),
2022,Suzuka,Japanese Grand Prix,skipped (already pulled),
2023,Suzuka,Japanese Grand Prix,skipped (already pulled),
2024,Suzuka,Japanese Grand Prix,skipped (already pulled),
2025,Suzuka,Japanese Grand Prix,skipped (already pulled),
2026,Suzuka,Japanese Grand Prix,skipped (already pulled),
2018,São Paulo,Brazilian Grand Prix,skipped (already pulled),
2019,São Paulo,Brazilian Grand Prix,skipped (already pulled),
2021,São Paulo,São Paulo Grand Prix,skipped (already pulled),
2022,São Paulo,São Paulo Grand Prix,skipped (already pulled),
2023,São Paulo,São Paulo Grand Prix,skipped (already pulled),
2024,São Paulo,São Paulo Grand Prix,skipped (already pulled),
2025,São Paulo,São Paulo Grand Prix,skipped (already pulled),
2026,São Paulo,São Paulo Grand Prix,FAILED,DataNotLoadedError: The data you are trying to access has not been loaded yet. See `Session.load`
2018,Yas Island,Abu Dhabi Grand Prix,skipped (already pulled),
2019,Yas Island,Abu Dhabi Grand Prix,skipped (already pulled),
2020,Yas Island,Abu Dhabi Grand Prix,skipped (already pulled),
2021,Yas Island,Abu Dhabi Grand Prix,skipped (already pulled),
2022,Yas Island,Abu Dhabi Grand Prix,skipped (already pulled),
2023,Yas Island,Abu Dhabi Grand Prix,skipped (already pulled),
2024,Yas Island,Abu Dhabi Grand Prix,skipped (already pulled),
2025,Yas Island,Abu Dhabi Grand Prix,skipped (already pulled),
2026,Yas Island,Abu Dhabi Grand Prix,FAILED,DataNotLoadedError: The data you are trying to access has not been loaded yet. See `Session.load`
2021,Zandvoort,Dutch Grand Prix,skipped (already pulled),
2022,Zandvoort,Dutch Grand Prix,skipped (already pulled),
2023,Zandvoort,Dutch Grand Prix,skipped (already pulled),
2024,Zandvoort,Dutch Grand Prix,skipped (already pulled),
2025,Zandvoort,Dutch Grand Prix,skipped (already pulled),
2026,Zandvoort,Dutch Grand Prix,skipped (already pulled),
