circuit,year,round,type,start_lap,end_lap,duration_laps,source
austin,2018,18,VSC,10,12,3,trackstatus_autodetected
austin,2021,17,VSC,26,28,3,trackstatus_autodetected
austin,2022,19,SC,17,25,9,trackstatus_autodetected
austin,2024,19,SC,2,5,4,trackstatus_autodetected
austin,2025,19,VSC,6,9,4,trackstatus_autodetected
baku,2018,4,SC,1,5,5,trackstatus_autodetected
baku,2018,4,SC,38,47,10,trackstatus_autodetected
baku,2019,4,VSC,38,41,4,trackstatus_autodetected
baku,2021,6,SC,30,35,6,trackstatus_autodetected
baku,2021,6,SC,46,48,3,trackstatus_autodetected
baku,2021,6,RED,47,48,2,trackstatus_autodetected
baku,2022,8,VSC,9,10,2,trackstatus_autodetected
baku,2022,8,VSC,32,35,4,trackstatus_autodetected
baku,2023,4,SC,10,13,4,trackstatus_autodetected
baku,2024,17,VSC,49,51,3,trackstatus_autodetected
baku,2025,17,SC,1,4,4,trackstatus_autodetected
barcelona,2018,5,SC,1,6,6,trackstatus_autodetected
barcelona,2018,5,VSC,39,43,5,trackstatus_autodetected
barcelona,2019,5,SC,44,52,9,trackstatus_autodetected
barcelona,2021,4,SC,7,10,4,trackstatus_autodetected
barcelona,2025,9,SC,54,60,7,trackstatus_autodetected
budapest,2018,12,VSC,6,7,2,trackstatus_autodetected
budapest,2018,12,VSC,49,52,4,trackstatus_autodetected
budapest,2021,11,SC,1,2,2,trackstatus_autodetected
budapest,2021,11,RED,2,2,1,trackstatus_autodetected
budapest,2022,13,VSC,1,3,3,trackstatus_autodetected
budapest,2022,13,VSC,66,69,4,trackstatus_autodetected
budapest,2026,11,VSC,54,57,4,trackstatus_autodetected
imola,2020,13,SC,50,57,8,trackstatus_autodetected
imola,2020,13,VSC,28,31,4,trackstatus_autodetected
imola,2021,2,SC,1,6,6,trackstatus_autodetected
imola,2021,2,SC,29,33,5,trackstatus_autodetected
imola,2021,2,RED,31,33,3,trackstatus_autodetected
imola,2022,4,SC,1,4,4,trackstatus_autodetected
imola,2025,7,SC,45,53,9,trackstatus_autodetected
imola,2025,7,VSC,28,31,4,trackstatus_autodetected
jeddah,2021,21,SC,9,13,5,trackstatus_autodetected
jeddah,2021,21,VSC,23,24,2,trackstatus_autodetected
jeddah,2021,21,VSC,26,33,8,trackstatus_autodetected
jeddah,2021,21,VSC,35,36,2,trackstatus_autodetected
jeddah,2021,21,RED,13,13,1,trackstatus_autodetected
jeddah,2021,21,RED,15,15,1,trackstatus_autodetected
jeddah,2022,2,SC,15,20,6,trackstatus_autodetected
jeddah,2022,2,VSC,15,16,2,trackstatus_autodetected
jeddah,2022,2,VSC,36,41,6,trackstatus_autodetected
jeddah,2023,2,SC,17,20,4,trackstatus_autodetected
jeddah,2024,2,SC,6,9,4,trackstatus_autodetected
jeddah,2025,5,SC,1,3,3,trackstatus_autodetected
lusail,2021,20,VSC,53,57,5,trackstatus_autodetected
lusail,2023,17,SC,1,4,4,trackstatus_autodetected
lusail,2024,23,SC,1,4,4,trackstatus_autodetected
lusail,2024,23,SC,34,42,9,trackstatus_autodetected
lusail,2024,23,VSC,40,40,1,trackstatus_autodetected
lusail,2025,23,SC,7,10,4,trackstatus_autodetected
melbourne,2018,1,SC,26,31,6,trackstatus_autodetected
melbourne,2018,1,VSC,25,28,4,trackstatus_autodetected
melbourne,2022,3,SC,3,6,4,trackstatus_autodetected
melbourne,2022,3,SC,23,26,4,trackstatus_autodetected
melbourne,2022,3,VSC,2,3,2,trackstatus_autodetected
melbourne,2022,3,VSC,39,40,2,trackstatus_autodetected
melbourne,2023,3,SC,1,3,3,trackstatus_autodetected
melbourne,2023,3,SC,7,8,2,trackstatus_autodetected
melbourne,2023,3,SC,18,18,1,trackstatus_autodetected
melbourne,2023,3,SC,53,55,3,trackstatus_autodetected
melbourne,2023,3,VSC,18,19,2,trackstatus_autodetected
melbourne,2023,3,RED,8,8,1,trackstatus_autodetected
melbourne,2023,3,RED,54,55,2,trackstatus_autodetected
melbourne,2023,3,RED,57,57,1,trackstatus_autodetected
melbourne,2024,3,VSC,16,18,3,trackstatus_autodetected
melbourne,2024,3,VSC,56,58,3,trackstatus_autodetected
melbourne,2025,1,SC,1,7,7,trackstatus_autodetected
melbourne,2025,1,SC,33,41,9,trackstatus_autodetected
melbourne,2025,1,SC,46,51,6,trackstatus_autodetected
melbourne,2026,1,VSC,11,14,4,trackstatus_autodetected
melbourne,2026,1,VSC,16,20,5,trackstatus_autodetected
melbourne,2026,1,VSC,22,22,1,trackstatus_autodetected
melbourne,2026,1,VSC,32,34,3,trackstatus_autodetected
mexico_city,2018,19,VSC,4,6,3,trackstatus_autodetected
mexico_city,2018,19,VSC,29,32,4,trackstatus_autodetected
mexico_city,2018,19,VSC,60,64,5,trackstatus_autodetected
mexico_city,2019,18,VSC,1,3,3,trackstatus_autodetected
mexico_city,2021,18,SC,1,4,4,trackstatus_autodetected
mexico_city,2022,20,VSC,63,66,4,trackstatus_autodetected
mexico_city,2023,19,SC,32,35,4,trackstatus_autodetected
mexico_city,2023,19,VSC,4,5,2,trackstatus_autodetected
mexico_city,2023,19,RED,34,34,1,trackstatus_autodetected
mexico_city,2024,20,SC,1,6,6,trackstatus_autodetected
mexico_city,2025,20,VSC,68,71,4,trackstatus_autodetected
monaco,2018,6,VSC,70,74,5,trackstatus_autodetected
monaco,2019,6,SC,10,14,5,trackstatus_autodetected
monaco,2022,7,SC,1,2,2,trackstatus_autodetected
monaco,2022,7,SC,25,30,6,trackstatus_autodetected
monaco,2022,7,VSC,25,27,3,trackstatus_autodetected
monaco,2022,7,RED,29,30,2,trackstatus_autodetected
monaco,2024,8,SC,1,2,2,trackstatus_autodetected
monaco,2024,8,RED,1,1,1,trackstatus_autodetected
monaco,2025,8,VSC,1,4,4,trackstatus_autodetected
monaco,2026,6,SC,57,70,14,trackstatus_autodetected
monaco,2026,6,RED,67,68,2,trackstatus_autodetected
montr_al,2018,7,SC,1,4,4,trackstatus_autodetected
montr_al,2022,9,SC,48,54,7,trackstatus_autodetected
montr_al,2022,9,VSC,8,10,3,trackstatus_autodetected
montr_al,2022,9,VSC,19,21,3,trackstatus_autodetected
montr_al,2023,8,SC,12,16,5,trackstatus_autodetected
montr_al,2023,8,VSC,7,8,2,trackstatus_autodetected
montr_al,2024,9,SC,24,29,6,trackstatus_autodetected
montr_al,2024,9,SC,52,58,7,trackstatus_autodetected
montr_al,2025,10,SC,66,70,5,trackstatus_autodetected
montr_al,2026,5,VSC,28,32,5,trackstatus_autodetected
montr_al,2026,5,VSC,43,46,4,trackstatus_autodetected
montr_al,2026,5,VSC,49,54,6,trackstatus_autodetected
monza,2019,14,VSC,27,31,5,trackstatus_autodetected
monza,2021,14,SC,25,30,6,trackstatus_autodetected
monza,2021,14,VSC,1,2,2,trackstatus_autodetected
monza,2021,14,VSC,42,44,3,trackstatus_autodetected
monza,2022,16,SC,46,53,8,trackstatus_autodetected
monza,2022,16,VSC,11,13,3,trackstatus_autodetected
monza,2026,13,SC,2,3,2,trackstatus_autodetected
monza,2026,13,VSC,27,29,3,trackstatus_autodetected
monza,2026,13,RED,2,3,2,trackstatus_autodetected
s_o_paulo,2019,20,SC,51,59,9,trackstatus_autodetected
s_o_paulo,2019,20,SC,65,69,5,trackstatus_autodetected
s_o_paulo,2021,19,SC,5,9,5,trackstatus_autodetected
s_o_paulo,2021,19,VSC,11,14,4,trackstatus_autodetected
s_o_paulo,2021,19,VSC,29,31,3,trackstatus_autodetected
s_o_paulo,2022,21,SC,1,6,6,trackstatus_autodetected
s_o_paulo,2022,21,SC,53,59,7,trackstatus_autodetected
s_o_paulo,2022,21,VSC,51,54,4,trackstatus_autodetected
s_o_paulo,2023,20,SC,1,2,2,trackstatus_autodetected
s_o_paulo,2023,20,RED,2,2,1,trackstatus_autodetected
s_o_paulo,2024,21,SC,28,32,5,trackstatus_autodetected
s_o_paulo,2024,21,SC,39,42,4,trackstatus_autodetected
s_o_paulo,2024,21,VSC,27,29,3,trackstatus_autodetected
s_o_paulo,2024,21,RED,30,32,3,trackstatus_autodetected
s_o_paulo,2025,21,SC,2,5,4,trackstatus_autodetected
s_o_paulo,2025,21,VSC,6,8,3,trackstatus_autodetected
sakhir,2018,2,VSC,2,4,3,trackstatus_autodetected
sakhir,2019,2,SC,53,57,5,trackstatus_autodetected
sakhir,2020,15,SC,3,8,6,trackstatus_autodetected
sakhir,2020,15,SC,53,57,5,trackstatus_autodetected
sakhir,2020,15,RED,1,1,1,trackstatus_autodetected
sakhir,2020,16,SC,1,6,6,trackstatus_autodetected
sakhir,2020,16,SC,60,68,9,trackstatus_autodetected
sakhir,2020,16,VSC,53,56,4,trackstatus_autodetected
sakhir,2020,16,VSC,59,62,4,trackstatus_autodetected
sakhir,2021,1,SC,1,3,3,trackstatus_autodetected
sakhir,2021,1,VSC,4,5,2,trackstatus_autodetected
sakhir,2022,1,SC,44,50,7,trackstatus_autodetected
sakhir,2022,1,VSC,44,46,3,trackstatus_autodetected
sakhir,2023,1,VSC,40,42,3,trackstatus_autodetected
sakhir,2025,4,SC,32,35,4,trackstatus_autodetected
silverstone,2018,10,SC,32,41,10,trackstatus_autodetected
silverstone,2019,10,SC,19,23,5,trackstatus_autodetected
silverstone,2020,4,SC,2,5,4,trackstatus_autodetected
silverstone,2020,4,SC,12,18,7,trackstatus_autodetected
silverstone,2021,10,SC,1,2,2,trackstatus_autodetected
silverstone,2021,10,RED,2,2,1,trackstatus_autodetected
silverstone,2022,10,SC,38,42,5,trackstatus_autodetected
silverstone,2022,10,RED,1,1,1,trackstatus_autodetected
silverstone,2023,10,SC,32,38,7,trackstatus_autodetected
silverstone,2023,10,VSC,32,33,2,trackstatus_autodetected
silverstone,2025,12,SC,13,21,9,trackstatus_autodetected
silverstone,2025,12,VSC,1,7,7,trackstatus_autodetected
silverstone,2026,9,SC,45,52,8,trackstatus_autodetected
silverstone,2026,9,VSC,20,22,3,trackstatus_autodetected
silverstone,2026,9,VSC,36,39,4,trackstatus_autodetected
spa_francorchamps,2018,13,SC,1,4,4,trackstatus_autodetected
spa_francorchamps,2019,13,SC,1,4,4,trackstatus_autodetected
spa_francorchamps,2020,7,SC,10,14,5,trackstatus_autodetected
spa_francorchamps,2022,14,SC,2,4,3,trackstatus_autodetected
spa_francorchamps,2025,13,SC,1,4,4,trackstatus_autodetected
spa_francorchamps,2026,10,SC,1,4,4,trackstatus_autodetected
spa_francorchamps,2026,10,VSC,17,21,5,trackstatus_autodetected
spielberg,2018,9,VSC,14,16,3,trackstatus_autodetected
spielberg,2020,1,SC,20,30,11,trackstatus_autodetected
spielberg,2020,1,SC,45,60,16,trackstatus_autodetected
spielberg,2020,2,SC,1,3,3,trackstatus_autodetected
spielberg,2021,9,SC,1,3,3,trackstatus_autodetected
spielberg,2022,11,VSC,57,60,4,trackstatus_autodetected
spielberg,2023,9,SC,1,3,3,trackstatus_autodetected
spielberg,2023,9,VSC,13,16,4,trackstatus_autodetected
spielberg,2024,11,VSC,64,66,3,trackstatus_autodetected
spielberg,2025,11,SC,1,3,3,trackstatus_autodetected
spielberg,2026,8,VSC,24,26,3,trackstatus_autodetected
spielberg,2026,8,VSC,50,53,4,trackstatus_autodetected
suzuka,2018,17,SC,3,7,5,trackstatus_autodetected
suzuka,2018,17,VSC,39,42,4,trackstatus_autodetected
suzuka,2022,18,SC,1,2,2,trackstatus_autodetected
suzuka,2022,18,RED,2,2,1,trackstatus_autodetected
suzuka,2023,16,SC,1,4,4,trackstatus_autodetected
suzuka,2023,16,VSC,13,14,2,trackstatus_autodetected
suzuka,2024,4,RED,1,1,1,trackstatus_autodetected
suzuka,2026,3,SC,21,27,7,trackstatus_autodetected
yas_island,2018,21,SC,1,4,4,trackstatus_autodetected
yas_island,2018,21,VSC,7,8,2,trackstatus_autodetected
yas_island,2020,17,SC,11,13,3,trackstatus_autodetected
yas_island,2020,17,VSC,9,11,3,trackstatus_autodetected
yas_island,2021,22,SC,51,57,7,trackstatus_autodetected
yas_island,2021,22,VSC,34,38,5,trackstatus_autodetected
yas_island,2024,24,VSC,2,3,2,trackstatus_autodetected
zandvoort,2022,15,SC,54,60,7,trackstatus_autodetected
zandvoort,2022,15,VSC,46,50,5,trackstatus_autodetected
zandvoort,2023,13,SC,15,21,7,trackstatus_autodetected
zandvoort,2023,13,SC,64,66,3,trackstatus_autodetected
zandvoort,2023,13,VSC,15,15,1,trackstatus_autodetected
zandvoort,2023,13,VSC,63,64,2,trackstatus_autodetected
zandvoort,2023,13,RED,63,64,2,trackstatus_autodetected
zandvoort,2025,15,SC,22,26,5,trackstatus_autodetected
zandvoort,2025,15,SC,52,57,6,trackstatus_autodetected
zandvoort,2025,15,SC,65,68,4,trackstatus_autodetected
zandvoort,2025,15,VSC,30,32,3,trackstatus_autodetected
zandvoort,2026,12,VSC,52,57,6,trackstatus_autodetected
zandvoort,2026,12,VSC,67,70,4,trackstatus_autodetected
zandvoort,2026,12,RED,2,2,1,trackstatus_autodetected
spa_francorchamps,2021,12,SC,1,2,2,wikipedia_corrected
spa_francorchamps,2021,12,RED,3,3,1,wikipedia_corrected
monza,2020,8,SC,18,26,9,wikipedia_corrected
monza,2020,8,RED,24,26,3,wikipedia_corrected
barcelona,2026,7,VSC,38,42,5,wikipedia_corrected
barcelona,2026,7,VSC,60,65,6,wikipedia_corrected
