fold,circuit,compound,n_train,n_test,train_slope,test_period_local_slope,out_of_sample_r2,original_full_sample_r2
"train<=2022, test=[2023]",austin,HARD,1468,390,0.009260147279569574,-0.0003026761090119442,-0.005524058471700233,2.8867519857866952e-06
"train<=2022, test=[2023]",austin,MEDIUM,843,511,-0.02570965826064203,-0.027309020713149862,-0.06433854235239633,0.0032319369727326
"train<=2022, test=[2023]",austin,SOFT,657,7,-0.001705081729804343,0.4356071428571425,-0.6277633834484291,0.0016033250773669
"train<=2022, test=[2023]",baku,HARD,974,664,-0.03457553514366518,-0.05154653833172439,0.18888914519249622,0.0799501195953844
"train<=2022, test=[2023]",baku,MEDIUM,822,130,-0.07284617871090696,-0.13472719788344573,0.03051472763341867,0.1336354026611578
"train<=2022, test=[2023]",barcelona,HARD,133,509,0.06356217758219078,-0.012479582764059789,-1.1108614111028734,0.003534350495652
"train<=2022, test=[2023]",barcelona,MEDIUM,2598,374,-0.0027043237803636737,-0.014777851152904373,0.0038538983772904434,5.421134786687265e-05
"train<=2022, test=[2023]",barcelona,SOFT,2387,324,-0.01589262840964302,-0.036732120757631576,-0.008510108707243669,0.0049227994111024
"train<=2022, test=[2023]",budapest,HARD,1790,710,0.0020110754242821612,0.019110452271395684,-0.32597653263795956,0.0066899039473955
"train<=2022, test=[2023]",budapest,MEDIUM,2223,400,-0.013774463333950823,-0.0375979848946054,-0.19332496939790245,0.0033899299521529
"train<=2022, test=[2023]",budapest,SOFT,1099,27,-0.019631603000204122,-0.07945163690476147,-6.770932815310938,0.0146430382849288
"train<=2022, test=[2023]",jeddah,HARD,611,477,-0.08477109986325312,-0.06134255791878211,0.16058582376549468,0.1474119447498461
"train<=2022, test=[2023]",jeddah,MEDIUM,484,320,-0.10026725357131447,-0.09201401498689805,0.25528063921797695,0.1868969852883336
"train<=2022, test=[2023]",jeddah,SOFT,11,27,0.2561090909090906,-0.030537020356692535,-4.24668814736858,0.1145051551824963
"train<=2022, test=[2023]",lusail,HARD,332,341,-0.031218537889894208,0.006221384865113439,-0.06707965983590314,0.0538252689277956
"train<=2022, test=[2023]",lusail,MEDIUM,384,441,-0.02139751173472725,0.024665091510093832,-0.05083022644573032,0.0709124417067289
"train<=2022, test=[2023]",lusail,SOFT,200,10,-0.10234403942788184,0.006351395730706197,-13.363582513450833,0.0606808177584419
"train<=2022, test=[2023]",melbourne,HARD,833,638,-0.04136306379507285,-0.05930468059765,0.337204184539477,0.0587308337897737
"train<=2022, test=[2023]",melbourne,MEDIUM,643,91,-0.052742735811572336,0.0066732306757702085,-2.453272194776354,0.0889586512878982
"train<=2022, test=[2023]",melbourne,SOFT,556,8,-0.08768644761559145,0.1712522522522538,-0.8076133361020186,0.3184020478686382
"train<=2022, test=[2023]",mexico_city,HARD,1647,461,-0.009286007405604632,0.0008146308309332023,-0.05554083012936073,0.001564527907914
"train<=2022, test=[2023]",mexico_city,MEDIUM,1556,587,-0.020188368157776398,-0.020382139313838643,0.031118299182615994,0.0097470714741442
"train<=2022, test=[2023]",mexico_city,SOFT,431,6,-0.0009619937371267839,-0.14990163934426262,-0.5989316377531799,0.0053458330432673
"train<=2022, test=[2023]",monaco,HARD,1353,585,-0.02188709608895274,0.00029325231383666285,-0.07434406622377554,0.0193703258538757
"train<=2022, test=[2023]",monaco,INTERMEDIATE,58,274,-0.6151410678271957,-0.8260697137698628,0.6679822935568303,0.7345438142107753
"train<=2022, test=[2023]",monaco,MEDIUM,1001,316,-0.022846715407754434,-0.012372830347228006,-0.12841240539741472,0.0285855724907039
"train<=2022, test=[2023]",monaco,SOFT,695,26,-0.014017902497492568,0.15033743589743592,-0.16206009293959567,0.0087985453691197
"train<=2022, test=[2023]",monaco,WET,173,31,-0.8281407391810225,-0.36284105131414257,-0.1801710210769416,0.7413342707323078
"train<=2022, test=[2023]",montr_al,HARD,1578,732,-0.0026114165487548793,-0.00939645038599472,-0.05002481520792057,1.0007197203121264e-05
"train<=2022, test=[2023]",montr_al,MEDIUM,502,300,-0.05980676991908467,-0.04625220728551154,0.11589439598531526,0.0143222186771676
"train<=2022, test=[2023]",montr_al,SOFT,36,7,0.12238630872483222,0.21666287878787935,-0.3921572100955928,0.1750118792636246
"train<=2022, test=[2023]",monza,HARD,776,473,-0.033887174810726,0.024201412204739342,-0.4731303157316258,0.011545153643801
"train<=2022, test=[2023]",monza,MEDIUM,1447,404,-0.0374951921606394,0.02515123143638957,-0.2592247031865762,0.0523951314529457
"train<=2022, test=[2023]",s_o_paulo,MEDIUM,1806,333,-0.006198216648639525,0.004938883994757316,-0.09409405543381255,0.0016831162728122
"train<=2022, test=[2023]",s_o_paulo,SOFT,1298,645,-0.02634572611615429,0.008728971047882695,-0.03122358009060977,0.0035025874441816
"train<=2022, test=[2023]",sakhir,HARD,1174,507,-0.2942147071286381,0.0024224877791085195,-180.70012781288455,0.0026294359202263
"train<=2022, test=[2023]",sakhir,MEDIUM,2138,8,-0.05184912962697228,0.23539285714285604,-19.507977327035103,0.00099899985695
"train<=2022, test=[2023]",sakhir,SOFT,1410,374,-0.005523543505811264,-0.001663276536512312,-0.13787804431669515,0.0058149420766689
"train<=2022, test=[2023]",silverstone,HARD,2107,116,-0.05637876091847428,-0.0376175456271554,0.02286315018925411,0.0883756490262266
"train<=2022, test=[2023]",silverstone,MEDIUM,1561,438,-0.06177791026933117,-0.038998780894897216,0.10552577756497628,0.0005110333609413
"train<=2022, test=[2023]",silverstone,SOFT,633,248,-0.015437072139793504,-0.06872086431302299,-0.11814050362867845,0.0003250141737666
"train<=2022, test=[2023]",spa_francorchamps,HARD,549,10,-0.019334986308949923,0.26512727272727316,-2.3282859938140334,0.0056515488452775
"train<=2022, test=[2023]",spa_francorchamps,MEDIUM,867,350,0.0388142733846283,0.11331139440543034,-0.15017288298437248,0.0186720378454725
"train<=2022, test=[2023]",spa_francorchamps,SOFT,767,304,0.00955772597184603,0.04293997488066789,-0.005009740502999627,0.0001333986239903
"train<=2022, test=[2023]",spielberg,HARD,3036,662,0.00018833434589747653,0.024821367540980716,-0.13927897419988655,0.0062759041077715
"train<=2022, test=[2023]",spielberg,MEDIUM,2241,505,-0.03585826804744795,0.0011891360178866144,-0.43573597899235517,0.0093767431473165
"train<=2022, test=[2023]",suzuka,HARD,166,418,0.00691752317380207,0.06507161536196422,-0.3753453566030329,0.0204266126845316
"train<=2022, test=[2023]",suzuka,MEDIUM,757,212,0.014753792931886838,0.03449340840470912,-0.6654958223162433,0.0001819425480399
"train<=2022, test=[2023]",suzuka,SOFT,579,55,-0.008703704593997264,0.01751581038728431,-18.40635723288085,0.0150078572201939
"train<=2022, test=[2023]",yas_island,HARD,2219,794,-0.01735533200542119,0.013084967201628855,-0.10234623392511999,0.0045318971509871
"train<=2022, test=[2023]",yas_island,MEDIUM,1148,269,-0.008909738790035494,-0.0034058081062750037,-0.033588560580953386,0.0012616748302182
"train<=2022, test=[2023]",zandvoort,HARD,650,38,0.011744059304057636,-0.07117551154393274,-0.36346511805926296,8.069927418530298e-07
"train<=2022, test=[2023]",zandvoort,MEDIUM,904,156,-0.015476163603662477,0.025737216350637228,-0.04814847414868306,0.0032600617099591
"train<=2022, test=[2023]",zandvoort,SOFT,750,571,-0.0042990085330375195,-0.008793678771743097,-0.05008726236878358,0.001925127054022
"train<=2023, test=[2024]",austin,HARD,1858,511,0.0073198121105785725,-0.010856415863230901,-0.019039996933797543,2.8867519857866952e-06
"train<=2023, test=[2024]",austin,MEDIUM,1354,367,-0.027576459304788015,0.0008248088221720539,-0.06157208844951234,0.0032319369727326
"train<=2023, test=[2024]",baku,HARD,1638,664,-0.039359357726291115,-0.023887778715472225,-0.0093352221917673,0.0799501195953844
"train<=2023, test=[2024]",baku,MEDIUM,952,183,-0.0764886856921851,-0.08386306430279636,0.004205883589776249,0.1336354026611578
"train<=2023, test=[2024]",barcelona,HARD,642,345,-0.0003071346722301254,0.026862597703227263,-0.18862035273011535,0.003534350495652
"train<=2023, test=[2024]",barcelona,MEDIUM,2972,401,-0.0036781410349236193,0.01706413360849701,-0.0610070479216025,5.421134786687265e-05
"train<=2023, test=[2024]",barcelona,SOFT,2711,458,-0.018931087620865407,-0.05167275796812182,0.020265646764586642,0.0049227994111024
"train<=2023, test=[2024]",budapest,HARD,2500,798,0.001714808589005249,0.023754165747255203,-0.1205220664197939,0.0066899039473955
"train<=2023, test=[2024]",budapest,MEDIUM,2623,393,-0.013957944563234643,0.0042862379876327595,-0.35852289838552553,0.0033899299521529
"train<=2023, test=[2024]",budapest,SOFT,1126,34,-0.022441492238980384,0.05871927599723285,-0.047028482782943026,0.0146430382849288
"train<=2023, test=[2024]",imola,HARD,410,676,-0.02798404882253481,0.014015460331271023,-0.24711776553123244,0.0006215230460266
"train<=2023, test=[2024]",imola,MEDIUM,1321,467,-0.06028840297646354,0.04052384160258028,-0.6566084771008047,0.1264535161740968
"train<=2023, test=[2024]",imola,SOFT,312,13,-0.11884063929945954,-0.16244117647058878,-0.1400438680153726,0.1922367330670787
"train<=2023, test=[2024]",jeddah,HARD,1088,569,-0.0735405474732961,-0.07344683425082148,0.0760200835331235,0.1474119447498461
"train<=2023, test=[2024]",jeddah,MEDIUM,804,179,-0.09665347328810933,-0.05630017361542668,-0.04685077997504994,0.1868969852883336
"train<=2023, test=[2024]",jeddah,SOFT,38,52,0.02168356677845708,-0.13930412542350365,-1.3411485350648218,0.1145051551824963
"train<=2023, test=[2024]",lusail,HARD,673,189,-0.03172384501072448,-0.08350966278701237,-0.005325609195378389,0.0538252689277956
"train<=2023, test=[2024]",lusail,MEDIUM,825,445,-0.014858615920942682,-0.08766550103465916,0.11195463721802212,0.0709124417067289
"train<=2023, test=[2024]",lusail,SOFT,210,42,-0.07292596377705185,0.0329839108910894,-0.9415635415647337,0.0606808177584419
"train<=2023, test=[2024]",melbourne,HARD,1471,692,-0.04800156487754413,0.012839054601970705,-0.47183378135171905,0.0587308337897737
"train<=2023, test=[2024]",melbourne,MEDIUM,734,148,-0.04997563662840456,-0.01399518807895212,-0.39985066015397797,0.0889586512878982
"train<=2023, test=[2024]",melbourne,SOFT,564,12,-0.08504672912723601,-0.20848017621145382,0.002324191804609077,0.3184020478686382
"train<=2023, test=[2024]",mexico_city,HARD,2108,638,-0.006941104820396701,0.0028402110929166857,-0.007331408083156354,0.001564527907914
"train<=2023, test=[2024]",mexico_city,MEDIUM,2143,417,-0.020017502545993972,0.0394238676321462,-0.1532277813750471,0.0097470714741442
"train<=2023, test=[2024]",mexico_city,SOFT,437,5,-0.0025151700703306555,1.7282647058823548,-0.1594341363638927,0.0053458330432673
"train<=2023, test=[2024]",monaco,HARD,1938,749,-0.01561984980059327,-0.04182125186342729,0.09774397915408362,0.0193703258538757
"train<=2023, test=[2024]",monaco,MEDIUM,1317,383,-0.019788185585998822,-0.057302522266795726,0.14367820504660034,0.0285855724907039
"train<=2023, test=[2024]",monaco,SOFT,721,31,-0.01033447529949133,0.023733385801983423,-0.9179967959261037,0.0087985453691197
"train<=2023, test=[2024]",montr_al,HARD,2310,12,-0.005064316539867464,-0.7394713656387677,-5.7113427734381474,1.0007197203121264e-05
"train<=2023, test=[2024]",montr_al,MEDIUM,802,136,-0.05365963428406224,-0.22389096585156348,-8.120614804504777,0.0143222186771676
"train<=2023, test=[2024]",monza,HARD,1249,685,-0.008006616680832577,0.0081282321056463,-0.011312768415087993,0.011545153643801
"train<=2023, test=[2024]",monza,MEDIUM,1851,240,-0.02770085420741178,-0.049697006831099774,0.009582440219349286,0.0523951314529457
"train<=2023, test=[2024]",sakhir,HARD,1681,729,-0.14113047206771331,0.02179323052976888,-74.67321197985738,0.0026294359202263
"train<=2023, test=[2024]",sakhir,SOFT,1784,277,-0.011766692192558988,-0.049614122224250636,-0.012739746305690858,0.0058149420766689
"train<=2023, test=[2024]",silverstone,HARD,2223,39,-0.055473708448177575,0.168398627787307,-1.172497363045597,0.0883756490262266
"train<=2023, test=[2024]",silverstone,MEDIUM,1999,452,-0.05590152244306857,0.15958419180091227,-0.19216487421278927,0.0005110333609413
"train<=2023, test=[2024]",silverstone,SOFT,881,158,-0.04189049863942482,0.044105178319564765,-0.4296643414786667,0.0003250141737666
"train<=2023, test=[2024]",spa_francorchamps,HARD,559,367,-0.021498382944308735,-0.017993540931170664,-0.36350193601038305,0.0056515488452775
"train<=2023, test=[2024]",spa_francorchamps,MEDIUM,1217,310,0.04764298898343761,-0.05426093690153841,-0.3764971675896136,0.0186720378454725
"train<=2023, test=[2024]",spa_francorchamps,SOFT,1071,57,0.017205102369666537,-0.04755860371855634,-0.09026354229636424,0.0001333986239903
"train<=2023, test=[2024]",spielberg,HARD,3698,660,0.0005467452474356782,0.029857312808751504,-0.02238645922137561,0.0062759041077715
"train<=2023, test=[2024]",spielberg,MEDIUM,2746,584,-0.027917361308892826,0.046574485344561586,-0.3357431178985759,0.0093767431473165
"train<=2023, test=[2024]",spielberg,SOFT,1708,6,-0.02090060462164755,-0.0035500000000004534,-4.195804874378822,0.041618553221062
"train<=2023, test=[2024]",suzuka,HARD,584,480,0.0501071473413736,0.01028356921614329,-0.02631077381634528,0.0204266126845316
"train<=2023, test=[2024]",suzuka,MEDIUM,969,226,0.00492146321250574,0.020176308836326207,1.5153992924843429e-05,0.0001819425480399
"train<=2023, test=[2024]",suzuka,SOFT,634,52,-0.022809071810801603,-0.016872796337781333,-0.05844664289665524,0.0150078572201939
"train<=2023, test=[2024]",yas_island,HARD,3013,616,-0.010678029215732347,0.0005942298587903187,-0.020167178808784936,0.0045318971509871
"train<=2023, test=[2024]",yas_island,MEDIUM,1417,243,-0.009639095409424892,-0.0030002308034478907,-0.08927616640782254,0.0012616748302182
"train<=2023, test=[2024]",yas_island,SOFT,306,23,0.01456859963777276,0.10851383399209485,-0.16542682745340787,0.0022455653623022
"train<=2023, test=[2024]",zandvoort,HARD,688,779,0.005925005293894388,-0.0013095208743438835,-0.11186187993686425,8.069927418530298e-07
"train<=2023, test=[2024]",zandvoort,MEDIUM,1060,470,-0.011515121971811225,0.00029255316033124955,-0.43083797262838686,0.0032600617099591
"train<=2023, test=[2024]",zandvoort,SOFT,1321,104,-0.00977223066163134,-0.04921781775081929,0.006207090247728808,0.001925127054022
"train<=2024, test=[2025, 2026]",austin,HARD,2369,45,0.000771533220785186,-0.02974067370909361,-7.710419091543258,2.8867519857866952e-06
"train<=2024, test=[2025, 2026]",austin,MEDIUM,1721,469,-0.01619001466345065,-0.011006914134728225,-0.041868727052624566,0.0032319369727326
"train<=2024, test=[2025, 2026]",austin,SOFT,667,411,0.00049739620100881,-0.014485163375632883,-0.15274827739005348,0.0016033250773669
"train<=2024, test=[2025, 2026]",baku,HARD,2302,505,-0.03411221777056851,-0.023688373205726896,-0.012315910826981913,0.0799501195953844
"train<=2024, test=[2025, 2026]",baku,MEDIUM,1135,277,-0.07418570465138605,0.013468362194037369,-0.29703859134518074,0.1336354026611578
"train<=2024, test=[2025, 2026]",barcelona,HARD,987,654,0.0072042365328140534,0.017659797881414665,0.0031738239843568383,0.003534350495652
"train<=2024, test=[2025, 2026]",barcelona,MEDIUM,3373,709,-0.0028977714873601626,0.021373749342644802,-0.03971436698802666,5.421134786687265e-05
"train<=2024, test=[2025, 2026]",barcelona,SOFT,3169,619,-0.02186822422238625,0.04357812492660738,-0.023697204758937218,0.0049227994111024
"train<=2024, test=[2025, 2026]",budapest,HARD,3298,1305,0.002980684708008853,0.022481189459920472,-0.045210769738338374,0.0066899039473955
"train<=2024, test=[2025, 2026]",budapest,MEDIUM,3016,861,-0.008606335185137363,-0.00242057488027417,-0.24580364804915988,0.0033899299521529
"train<=2024, test=[2025, 2026]",budapest,SOFT,1160,349,-0.02296525639407914,-0.01269953722268818,-0.012518944822144773,0.0146430382849288
"train<=2024, test=[2025, 2026]",imola,HARD,1086,626,0.0008285381995310131,0.0038948486019672857,-0.005070130335472545,0.0006215230460266
"train<=2024, test=[2025, 2026]",imola,MEDIUM,1788,314,-0.045006720611397676,-0.02509459137210721,0.01555202632210917,0.1264535161740968
"train<=2024, test=[2025, 2026]",jeddah,HARD,1657,569,-0.06886190925948055,0.004348929653418917,-0.31840009813268955,0.1474119447498461
"train<=2024, test=[2025, 2026]",jeddah,MEDIUM,983,241,-0.08232281475887142,0.014855681228973478,-0.5780040807587326,0.1868969852883336
"train<=2024, test=[2025, 2026]",lusail,HARD,862,294,-0.0458319678057217,-0.041780342572824564,0.04767402604072668,0.0538252689277956
"train<=2024, test=[2025, 2026]",lusail,MEDIUM,1270,587,-0.044772380256144745,-0.06090890611006027,0.047739809718980286,0.0709124417067289
"train<=2024, test=[2025, 2026]",lusail,SOFT,252,38,-0.05987113186084918,-0.07341606954689125,-0.702568914530016,0.0606808177584419
"train<=2024, test=[2025, 2026]",melbourne,HARD,2163,502,-0.031055506549615745,-0.012988403546515818,-0.008042018642720361,0.0587308337897737
"train<=2024, test=[2025, 2026]",melbourne,MEDIUM,882,226,-0.04363885518644817,-0.12928221821053815,0.03680690945511533,0.0889586512878982
"train<=2024, test=[2025, 2026]",melbourne,SOFT,576,110,-0.08577265351720112,-0.0492023330432246,0.01259469210325248,0.3184020478686382
"train<=2024, test=[2025, 2026]",mexico_city,HARD,2746,82,-0.004914796852882723,-0.013212255186664577,-6.781601535873894,0.001564527907914
"train<=2024, test=[2025, 2026]",mexico_city,MEDIUM,2560,417,-0.01508517481314155,0.011565768450141964,-0.048871872075425093,0.0097470714741442
"train<=2024, test=[2025, 2026]",mexico_city,SOFT,442,605,-0.00043086895200797576,0.02197938364355065,-0.16227039140232535,0.0053458330432673
"train<=2024, test=[2025, 2026]",monaco,HARD,2687,1042,-0.02478323735382175,0.031499070459866094,-0.12759780618217764,0.0193703258538757
"train<=2024, test=[2025, 2026]",monaco,MEDIUM,1700,1011,-0.029746055207132905,0.010688052964916362,-0.1028125725025526,0.0285855724907039
"train<=2024, test=[2025, 2026]",monaco,SOFT,752,285,-0.006372463909689311,0.04425232519735514,-0.05615241209852817,0.0087985453691197
"train<=2024, test=[2025, 2026]",montr_al,HARD,2322,976,-0.0033956715006573284,0.009112725165272787,-0.02309236178481222,1.0007197203121264e-05
"train<=2024, test=[2025, 2026]",montr_al,MEDIUM,938,730,-0.03584262154830889,-0.035429990711720906,-0.3928734037564492,0.0143222186771676
"train<=2024, test=[2025, 2026]",montr_al,SOFT,43,383,0.08663055335620697,-0.10360581089231864,-0.5772530522678885,0.1750118792636246
"train<=2024, test=[2025, 2026]",monza,HARD,1934,933,-0.0012568745925605046,-0.023071624745447057,-0.010987262972624423,0.011545153643801
"train<=2024, test=[2025, 2026]",monza,MEDIUM,2091,758,-0.03027939634452901,-0.02916570187063262,0.1027325921810841,0.0523951314529457
"train<=2024, test=[2025, 2026]",monza,SOFT,740,92,0.011541552658754815,0.12332283417943582,-0.4321577140080106,0.0047903410933322
"train<=2024, test=[2025, 2026]",s_o_paulo,HARD,753,44,0.01331096942797223,0.04936341923318669,-6.043747792392639,0.0147548727040217
"train<=2024, test=[2025, 2026]",s_o_paulo,MEDIUM,2139,811,-0.004572780376927233,0.03421255840395632,-0.08205678305764064,0.0016831162728122
"train<=2024, test=[2025, 2026]",s_o_paulo,SOFT,1943,177,-0.017202257737208182,0.07223349799324602,-0.17683612064870569,0.0035025874441816
"train<=2024, test=[2025, 2026]",sakhir,HARD,2410,270,-0.0870838408688452,0.01710928383850832,-46.34242968745897,0.0026294359202263
"train<=2024, test=[2025, 2026]",sakhir,MEDIUM,2146,455,-0.05042270939415327,-0.003230733947672485,-6.241949416272929,0.00099899985695
"train<=2024, test=[2025, 2026]",sakhir,SOFT,2061,227,-0.015864453910622613,-0.023742032408739542,0.017452409915361677,0.0058149420766689
"train<=2024, test=[2025, 2026]",silverstone,HARD,2262,371,-0.0518068870348212,0.023857522387717125,-0.10609794229875469,0.0883756490262266
"train<=2024, test=[2025, 2026]",silverstone,INTERMEDIATE,188,300,-0.07188102149859057,-0.23036010579196187,-15.26815662277873,0.6722233793177285
"train<=2024, test=[2025, 2026]",silverstone,MEDIUM,2451,473,-0.019560541432937853,0.07572185104952832,-0.050522443208687706,0.0005110333609413
"train<=2024, test=[2025, 2026]",silverstone,SOFT,1039,25,-0.015942246575494215,-0.04947544642857151,-0.4144218688995269,0.0003250141737666
"train<=2024, test=[2025, 2026]",spa_francorchamps,HARD,926,505,-0.012433221939808238,-0.018416555521641367,-0.003737028746197968,0.0056515488452775
"train<=2024, test=[2025, 2026]",spa_francorchamps,MEDIUM,1527,630,0.0201322383864254,-0.06569140818046645,-0.6664148652688082,0.0186720378454725
"train<=2024, test=[2025, 2026]",spa_francorchamps,SOFT,1128,57,0.013619378866652505,-0.21409403211397407,-0.1244094170143597,0.0001333986239903
"train<=2024, test=[2025, 2026]",spielberg,HARD,4358,938,0.0024617482895056115,0.03980875732379515,-0.07665317791483939,0.0062759041077715
"train<=2024, test=[2025, 2026]",spielberg,MEDIUM,3330,1029,-0.01870919450682139,0.0266376562786083,-0.07416990124807743,0.0093767431473165
"train<=2024, test=[2025, 2026]",spielberg,SOFT,1714,185,-0.020018649059857847,0.04550363512873622,-0.07627378447199029,0.041618553221062
"train<=2024, test=[2025, 2026]",suzuka,HARD,1064,1011,0.032750234974937495,-0.04765116438419251,-0.5378887795188887,0.0204266126845316
"train<=2024, test=[2025, 2026]",suzuka,MEDIUM,1195,844,0.005467040215700192,-0.008140191903654975,-0.8103342792502897,0.0001819425480399
"train<=2024, test=[2025, 2026]",suzuka,SOFT,686,58,-0.02565722110920958,-0.1088054240345283,-0.02226459886692589,0.0150078572201939
"train<=2024, test=[2025, 2026]",yas_island,HARD,3629,681,-0.008933649734502032,-0.0034901447566860915,-0.08011861869655013,0.0045318971509871
"train<=2024, test=[2025, 2026]",yas_island,MEDIUM,1660,384,-0.009576398957611061,-0.004250064915453045,-0.3769645061339819,0.0012616748302182
"train<=2024, test=[2025, 2026]",yas_island,SOFT,329,17,0.02290587245228305,-0.1672512820512814,-2.2346473870889727,0.0022455653623022
"train<=2024, test=[2025, 2026]",zandvoort,HARD,1467,1030,-0.0007749637253905216,0.006347292404323012,-0.026315293076963453,8.069927418530298e-07
"train<=2024, test=[2025, 2026]",zandvoort,MEDIUM,1530,527,-0.01072735104412015,0.0030862825697913383,-0.023632567842537755,0.0032600617099591
"train<=2024, test=[2025, 2026]",zandvoort,SOFT,1425,535,-0.010560675749026109,0.0004928438176526327,-0.0076641956143896905,0.001925127054022
