team,year,team_pit_speed_relative,n_stops
Alfa Romeo,2022,0.5190000000002328,39
Alfa Romeo,2023,0.4070000000001528,56
Alfa Romeo Racing,2019,0.44699999999988904,42
Alfa Romeo Racing,2020,-0.12499999999931788,20
Alfa Romeo Racing,2021,-0.047000000000025466,40
AlphaTauri,2020,0.08175000000005639,24
AlphaTauri,2021,0.047749999999723514,38
AlphaTauri,2022,-0.24375000000009095,52
AlphaTauri,2023,-0.2809999999981301,56
Alpine,2021,-0.09750000000008185,34
Alpine,2022,-0.040499999999610736,45
Alpine,2023,0.4069999999992433,51
Alpine,2024,-0.08099999999967622,47
Alpine,2025,0.2495000000001255,46
Alpine,2026,0.0,23
Aston Martin,2021,-0.009999999999763531,41
Aston Martin,2022,-0.04449999999951615,47
Aston Martin,2023,0.011999999999716238,50
Aston Martin,2024,0.060000000000172804,56
Aston Martin,2025,0.1950000000001637,50
Aston Martin,2026,-0.06750000000010914,15
Audi,2026,0.0,23
Cadillac,2026,1.1917499999995016,18
Ferrari,2018,-0.22625000000005002,26
Ferrari,2019,-0.08799999999973807,43
Ferrari,2020,0.17799999999988358,21
Ferrari,2021,-0.08875000000011823,36
Ferrari,2022,-0.5029999999997017,37
Ferrari,2023,-0.42574999999987995,50
Ferrari,2024,-0.19399999999995998,51
Ferrari,2025,-0.24724999999943975,46
Ferrari,2026,-0.23250000000007276,22
Force India,2018,0.32549999999991996,14
Haas F1 Team,2018,0.08375000000012278,24
Haas F1 Team,2019,0.2179999999989377,35
Haas F1 Team,2020,0.9259999999999309,23
Haas F1 Team,2021,0.6980000000005475,36
Haas F1 Team,2022,0.6865000000007058,39
Haas F1 Team,2023,0.2820000000001528,55
Haas F1 Team,2024,0.35299999999961074,51
Haas F1 Team,2025,0.5172499999998763,42
Haas F1 Team,2026,0.4760000000005675,19
Kick Sauber,2024,0.38599999999996726,55
Kick Sauber,2025,-0.047999999999774445,41
McLaren,2018,-0.06524999999987813,24
McLaren,2019,-0.26599999999962165,33
McLaren,2020,0.01900000000023283,23
McLaren,2021,0.11550000000011096,38
McLaren,2022,-0.17475000000013097,52
McLaren,2023,-0.07900000000017826,57
McLaren,2024,-0.14574999999990723,52
McLaren,2025,-0.2272499999999127,48
McLaren,2026,-0.26050000000032014,23
Mercedes,2018,-0.28500000000030923,29
Mercedes,2019,-0.2490000000004784,36
Mercedes,2020,0.0,27
Mercedes,2021,-0.20299999999974716,44
Mercedes,2022,-0.0020000000004074536,45
Mercedes,2023,-0.1014999999997599,50
Mercedes,2024,-0.07200000000057116,51
Mercedes,2025,-0.08674999999902866,48
Mercedes,2026,-0.48700000000008004,21
RB,2024,-0.17949999999973443,44
Racing Bulls,2025,-0.18699999999989814,41
Racing Bulls,2026,0.057999999999992724,21
Racing Point,2018,0.25525000000038744,12
Racing Point,2019,0.1320000000005166,37
Racing Point,2020,-0.055749999999989086,16
Red Bull Racing,2018,-0.4507500000000846,24
Red Bull Racing,2019,-0.16499999999996362,36
Red Bull Racing,2020,-0.5859999999993306,25
Red Bull Racing,2021,-0.37750000000096406,47
Red Bull Racing,2022,-0.4772499999999127,56
Red Bull Racing,2023,-0.4220000000004802,59
Red Bull Racing,2024,-0.2855000000001837,52
Red Bull Racing,2025,-0.06900000000041473,45
Red Bull Racing,2026,-0.054500000000189175,22
Renault,2018,0.6220000000002983,21
Renault,2019,0.0,30
Renault,2020,-0.10424999999963802,18
Sauber,2018,-0.10650000000055115,19
Toro Rosso,2018,0.04450000000019827,23
Toro Rosso,2019,0.05900000000019645,31
Williams,2018,0.20049999999991996,32
Williams,2019,-0.25200000000040745,35
Williams,2020,-0.012500000000045475,28
Williams,2021,0.023500000000240107,38
Williams,2022,0.2810000000006312,50
Williams,2023,0.27400000000125146,48
Williams,2024,0.15499999999974534,49
Williams,2025,0.0014999999998508429,46
Williams,2026,0.06700000000000728,29
