circuit,compound,median_stint_laps,p90_stint_laps,max_stint_laps,n_stints
austin,HARD,21.0,27.0,40,66
austin,MEDIUM,17.0,30.0,33,122
austin,SOFT,19.0,29.1,30,20
austin,SUPERSOFT,11.0,27.0,30,11
austin,ULTRASOFT,21.5,24.0,25,6
baku,HARD,29.0,39.2,50,69
baku,MEDIUM,12.0,27.60000000000001,37,75
baku,SOFT,10.0,20.10000000000003,39,58
baku,SUPERSOFT,22.0,37.8,39,13
baku,ULTRASOFT,11.0,18.6,21,9
barcelona,HARD,21.0,26.0,35,47
barcelona,MEDIUM,21.0,30.0,40,148
barcelona,SOFT,18.0,25.0,33,183
barcelona,SUPERSOFT,20.0,20.0,20,1
budapest,HARD,26.5,34.10000000000001,46,80
budapest,INTERMEDIATE,2.0,3.8999999999999986,4,52
budapest,MEDIUM,21.0,34.0,46,150
budapest,SOFT,16.0,33.599999999999994,43,52
budapest,ULTRASOFT,23.0,30.2,31,9
imola,HARD,24.0,35.5,45,36
imola,INTERMEDIATE,18.0,28.0,28,40
imola,MEDIUM,12.0,32.0,48,83
imola,SOFT,10.0,15.200000000000001,28,17
imola,WET,8.5,13.4,14,4
jeddah,HARD,7.5,34.0,40,44
jeddah,MEDIUM,13.0,21.0,41,85
jeddah,SOFT,7.0,13.600000000000001,16,5
lusail,HARD,7.0,22.300000000000004,32,68
lusail,MEDIUM,18.0,34.0,35,104
lusail,SOFT,13.0,24.2,26,19
melbourne,HARD,22.0,47.0,57,71
melbourne,INTERMEDIATE,1.0,29.4,35,67
melbourne,MEDIUM,12.0,26.0,37,76
melbourne,SOFT,5.0,16.0,28,51
melbourne,SUPERSOFT,19.5,24.5,25,6
melbourne,ULTRASOFT,23.0,24.8,25,13
mexico_city,HARD,29.0,46.2,50,45
mexico_city,HYPERSOFT,12.0,14.8,16,5
mexico_city,MEDIUM,28.0,38.400000000000006,45,97
mexico_city,SOFT,23.5,29.200000000000003,38,30
mexico_city,SUPERSOFT,30.0,43.0,44,11
mexico_city,ULTRASOFT,12.5,17.0,23,14
monaco,HARD,17.0,54.0,72,91
monaco,HYPERSOFT,15.5,24.1,36,14
monaco,INTERMEDIATE,5.5,19.1,22,14
monaco,MEDIUM,18.0,49.2,59,89
monaco,SOFT,6.0,34.8,55,73
monaco,SUPERSOFT,52.0,52.8,53,3
monaco,ULTRASOFT,17.5,49.9,58,10
monaco,WET,17.5,21.0,21,22
montr_al,HARD,29.0,49.0,59,87
montr_al,HYPERSOFT,13.0,18.400000000000002,22,7
montr_al,INTERMEDIATE,19.0,25.800000000000004,44,43
montr_al,MEDIUM,12.0,30.0,39,90
montr_al,SOFT,11.0,31.0,35,31
montr_al,SUPERSOFT,30.0,43.400000000000006,47,4
montr_al,ULTRASOFT,19.5,36.199999999999996,47,10
montr_al,WET,9.5,11.5,12,2
monza,HARD,22.0,32.6,51,65
monza,MEDIUM,19.0,30.0,46,117
monza,SOFT,19.0,26.0,30,51
s_o_paulo,HARD,15.0,28.4,33,37
s_o_paulo,INTERMEDIATE,26.0,32.0,32,31
s_o_paulo,MEDIUM,20.0,29.5,49,146
s_o_paulo,SOFT,18.0,27.0,41,112
s_o_paulo,SUPERSOFT,27.0,39.0,39,10
s_o_paulo,WET,4.0,4.6,5,5
sakhir,HARD,18.0,23.0,33,94
sakhir,MEDIUM,18.0,26.0,49,146
sakhir,SOFT,13.0,21.400000000000006,42,157
sakhir,SUPERSOFT,15.0,19.0,20,15
silverstone,HARD,18.0,27.0,38,81
silverstone,INTERMEDIATE,11.0,30.800000000000004,33,53
silverstone,MEDIUM,17.0,29.0,36,187
silverstone,SOFT,13.0,22.800000000000004,28,53
spa_francorchamps,HARD,18.0,24.4,31,37
spa_francorchamps,INTERMEDIATE,12.0,13.0,13,20
spa_francorchamps,MEDIUM,14.0,20.0,31,114
spa_francorchamps,SOFT,11.0,23.0,30,58
spa_francorchamps,SUPERSOFT,10.5,25.0,27,18
spa_francorchamps,UNKNOWN,3.0,3.0,3,20
spielberg,HARD,26.0,32.0,49,123
spielberg,MEDIUM,20.0,32.0,46,192
spielberg,SOFT,24.0,35.7,50,64
spielberg,SUPERSOFT,14.0,23.299999999999997,26,10
spielberg,ULTRASOFT,14.0,20.5,27,6
suzuka,HARD,17.0,30.0,32,40
suzuka,INTERMEDIATE,2.0,12.0,14,23
suzuka,MEDIUM,18.5,24.900000000000006,34,102
suzuka,SOFT,9.0,22.0,31,62
suzuka,SUPERSOFT,25.0,27.4,28,7
suzuka,WET,5.0,6.199999999999999,9,19
yas_island,HARD,24.0,35.0,42,84
yas_island,HYPERSOFT,12.0,17.7,18,4
yas_island,MEDIUM,15.0,25.10000000000001,37,100
yas_island,SOFT,11.0,19.800000000000004,25,27
yas_island,SUPERSOFT,35.0,40.4,41,7
yas_island,ULTRASOFT,16.0,33.8,37,9
zandvoort,HARD,25.5,38.2,53,70
zandvoort,INTERMEDIATE,3.0,9.0,11,44
zandvoort,MEDIUM,22.0,31.0,42,94
zandvoort,SOFT,13.5,31.0,50,130
zandvoort,WET,1.5,1.9,2,2
