circuit,year,round,date,om_temp_mean,om_temp_max,om_precip_total_mm,om_humidity_mean,ff1_airtemp_mean,ff1_airtemp_max,ff1_humidity_mean,ff1_rainfall_any,temp_diff_om_minus_ff1
melbourne,2018,1,2018-03-25,19.8875,23.4,5.2,59.458333333333336,24.077477477477476,24.8,30.915315315315315,True,-4.189977477477477
sakhir,2018,2,2018-04-08,26.470833333333328,32.0,0.0,52.625,27.982524271844657,28.3,47.363106796116504,False,-1.5116909385113289
baku,2018,4,2018-04-29,15.495833333333332,20.2,0.5,62.083333333333336,16.66140350877193,17.2,45.651754385964914,False,-1.1655701754385976
barcelona,2018,5,2018-05-13,12.8125,16.0,23.5,75.04166666666667,16.05047619047619,17.1,52.28666666666667,True,-3.2379761904761892
monaco,2018,6,2018-05-27,24.075,28.0,0.4,64.0,26.64070796460177,27.6,50.8929203539823,True,-2.5657079646017706
montr_al,2018,7,2018-06-10,15.137500000000003,19.8,0.0,51.75,20.52358490566038,21.3,27.82547169811321,False,-5.3860849056603755
spielberg,2018,9,2018-07-01,14.65833333333333,19.5,0.0,70.95833333333333,23.176086956521736,24.2,37.141304347826086,False,-8.517753623188407
silverstone,2018,10,2018-07-08,22.399999999999995,29.0,0.0,57.083333333333336,27.431632653061225,28.6,38.73979591836735,False,-5.03163265306123
budapest,2018,12,2018-07-29,27.4875,33.4,0.0,57.75,33.75887850467289,34.9,33.006542056074764,False,-6.271378504672892
spa_francorchamps,2018,13,2018-08-26,11.795833333333334,17.0,2.3,70.70833333333333,17.327358490566038,18.3,37.700943396226414,False,-5.5315251572327035
monza,2018,14,2018-09-02,17.583333333333332,20.1,2.1,88.5,,,,,
suzuka,2018,17,2018-10-07,23.279166666666665,26.6,0.0,75.70833333333333,28.264814814814812,29.2,50.51574074074074,False,-4.985648148148147
austin,2018,18,2018-10-21,16.945833333333336,21.1,0.0,59.416666666666664,21.933587786259544,23.4,37.555725190839695,False,-4.9877544529262074
mexico_city,2018,19,2018-10-28,15.262499999999998,20.2,0.9999999999999999,76.75,20.1231884057971,21.7,50.70942028985507,False,-4.860688405797104
s_o_paulo,2018,20,2018-11-11,20.291666666666668,25.1,1.6,89.25,23.769599999999997,25.2,75.4128,False,-3.477933333333329
yas_island,2018,21,2018-11-25,26.900000000000002,32.8,0.6,60.958333333333336,31.273722627737225,33.2,45.43795620437956,True,-4.373722627737223
melbourne,2019,1,2019-03-17,19.10833333333333,25.1,0.0,80.875,23.477868852459018,24.1,70.45327868852459,False,-4.369535519125687
sakhir,2019,2,2019-03-31,25.17083333333333,29.8,0.0,58.708333333333336,26.210852713178294,26.6,53.372093023255815,False,-1.0400193798449635
baku,2019,4,2019-04-28,14.320833333333338,17.6,0.0,83.125,19.76356589147287,21.0,51.40852713178295,False,-5.4427325581395305
barcelona,2019,5,2019-05-12,15.616666666666667,20.6,0.0,69.875,20.147727272727273,21.2,54.724242424242426,False,-4.531060606060606
monaco,2019,6,2019-05-26,18.491666666666667,21.5,1.1,78.375,22.754676258992806,24.0,52.697841726618705,True,-4.263009592326139
montr_al,2019,7,2019-06-09,19.975,26.8,0.0,52.125,29.36825396825397,30.9,16.147619047619045,False,-9.393253968253969
spielberg,2019,9,2019-06-30,23.195833333333336,33.8,0.0,58.541666666666664,34.44406779661017,35.3,17.965254237288136,False,-11.248234463276834
silverstone,2019,10,2019-07-14,16.445833333333333,20.0,1.2000000000000002,76.95833333333333,18.905084745762714,20.2,62.13559322033898,False,-2.4592514124293814
budapest,2019,12,2019-08-04,19.570833333333333,23.3,0.1,64.66666666666667,25.66,27.0,33.893076923076926,False,-6.089166666666667
spa_francorchamps,2019,13,2019-09-01,15.237499999999997,17.9,0.2,75.5,17.4,18.2,57.03,False,-2.1625000000000014
monza,2019,14,2019-09-08,15.904166666666663,19.8,70.30000000000001,79.16666666666667,21.0972972972973,22.1,51.574774774774774,False,-5.193130630630636
suzuka,2019,17,2019-10-13,19.92916666666667,22.2,0.0,68.54166666666667,21.61935483870968,22.1,57.47822580645161,False,-1.6901881720430083
mexico_city,2019,18,2019-10-27,16.287499999999998,20.9,12.200000000000001,82.79166666666667,23.203030303030303,24.6,46.28787878787879,False,-6.915530303030305
austin,2019,19,2019-11-03,13.424999999999999,19.8,0.0,58.791666666666664,21.475572519083972,22.1,29.242748091603055,False,-8.050572519083973
s_o_paulo,2019,20,2019-11-17,16.816666666666663,20.7,0.0,79.83333333333333,21.01679389312977,21.6,60.289312977099236,False,-4.200127226463106
yas_island,2019,21,2019-12-01,24.01666666666667,27.8,0.0,71.79166666666667,26.018045112781955,27.6,64.47142857142858,False,-2.001378446115286
spielberg,2020,1,2020-07-05,19.5625,26.6,0.0,67.16666666666667,28.684166666666666,30.0,33.8325,False,-9.121666666666666
spielberg,2020,2,2020-07-12,14.579166666666664,19.6,0.0,68.91666666666667,20.822499999999998,22.1,34.005,True,-6.243333333333334
budapest,2020,3,2020-07-19,17.6125,21.6,6.6,86.91666666666667,20.74179104477612,21.8,77.19253731343284,True,-3.129291044776121
silverstone,2020,4,2020-08-02,16.79583333333333,21.0,0.0,60.833333333333336,21.29140625,22.1,44.16796875,False,-4.495572916666671
silverstone,2020,5,2020-08-09,20.662499999999998,27.7,0.0,74.95833333333333,25.287068965517243,26.8,58.55603448275862,False,-4.624568965517245
barcelona,2020,6,2020-08-16,23.97916666666666,27.6,2.6000000000000005,77.125,29.796899224806204,30.7,56.38449612403101,False,-5.817732558139543
spa_francorchamps,2020,7,2020-08-30,13.012500000000001,17.0,8.0,87.54166666666667,18.568595041322315,20.1,54.85289256198347,False,-5.556095041322314
monza,2020,8,2020-09-06,21.137500000000003,26.0,4.8,73.54166666666667,28.09090909090909,28.9,40.12447552447553,False,-6.953409090909087
imola,2020,13,2020-11-01,14.016666666666671,18.5,0.0,82.45833333333333,18.0304,18.5,71.13680000000001,False,-4.013733333333329
sakhir,2020,15,2020-11-29,24.066666666666663,27.9,0.2,65.41666666666667,25.09907407407407,26.6,67.84722222222223,False,-1.0324074074074083
sakhir,2020,16,2020-12-06,22.662499999999998,26.4,0.0,72.58333333333333,20.94724409448819,22.0,58.169291338582674,False,1.7152559055118068
yas_island,2020,17,2020-12-13,22.025000000000002,23.9,0.0,55.833333333333336,23.12148148148148,23.7,55.446666666666665,False,-1.0964814814814794
sakhir,2021,1,2021-03-28,21.587499999999995,23.6,0.0,53.5,20.538345864661654,20.9,54.51729323308271,False,1.0491541353383411
imola,2021,2,2021-04-18,9.108333333333333,13.0,0.7,65.08333333333333,10.621118012422361,12.3,69.4888198757764,True,-1.5127846790890285
barcelona,2021,4,2021-05-09,17.291666666666664,21.8,1.3,71.625,22.203076923076924,23.5,57.55307692307692,False,-4.91141025641026
monaco,2021,5,2021-05-23,18.320833333333333,23.1,0.0,67.45833333333333,20.76074074074074,21.5,61.42444444444444,False,-2.439907407407407
baku,2021,6,2021-06-06,21.05,24.3,0.0,68.25,24.17093023255814,25.5,55.80523255813954,False,-3.1209302325581376
spielberg,2021,8,2021-06-27,19.579166666666662,26.9,4.8999999999999995,74.41666666666667,26.69237288135593,27.3,33.246610169491525,False,-7.113206214689267
spielberg,2021,9,2021-07-04,17.850000000000005,23.5,2.0,74.20833333333333,20.96602564102564,22.6,49.73076923076923,True,-3.1160256410256366
silverstone,2021,10,2021-07-18,22.587500000000006,28.2,0.0,69.54166666666667,29.400000000000002,30.1,37.202173913043474,False,-6.8124999999999964
budapest,2021,11,2021-08-01,24.85416666666666,32.3,0.6,63.416666666666664,27.22670157068063,29.1,68.61570680628273,True,-2.3725349040139676
spa_francorchamps,2021,12,2021-08-29,12.804166666666665,14.3,6.800000000000001,95.5,13.012413793103448,13.4,96.43586206896552,True,-0.2082471264367829
zandvoort,2021,13,2021-09-05,16.629166666666666,21.5,0.0,76.33333333333333,21.504430379746836,22.4,54.108227848101265,False,-4.8752637130801695
monza,2021,14,2021-09-12,23.291666666666668,28.7,0.0,54.416666666666664,28.885234899328857,29.6,33.2758389261745,False,-5.593568232662189
austin,2021,17,2021-10-24,24.58333333333334,29.9,0.7,81.08333333333333,28.148447204968942,29.5,61.192546583850934,False,-3.565113871635603
mexico_city,2021,18,2021-11-07,14.75416666666667,23.2,0.0,64.0,21.20670731707317,23.2,31.2109756097561,False,-6.452540650406501
s_o_paulo,2021,19,2021-11-14,16.43333333333333,23.4,0.0,82.04166666666667,23.1373417721519,24.0,60.10126582278481,False,-6.704008438818569
lusail,2021,20,2021-11-21,25.69166666666666,29.0,0.0,72.54166666666667,26.415131578947367,27.4,75.54013157894737,True,-0.7234649122807078
jeddah,2021,21,2021-12-05,26.63333333333333,30.7,0.0,75.54166666666667,28.816062176165804,29.2,76.20310880829015,False,-2.182728842832475
yas_island,2021,22,2021-12-12,23.59166666666667,25.9,0.0,62.333333333333336,24.519108280254777,25.7,59.05477707006369,False,-0.9274416135881083
sakhir,2022,1,2022-03-20,20.5,28.5,0.0,44.916666666666664,23.617791411042944,25.7,29.49079754601227,False,-3.117791411042944
jeddah,2022,2,2022-03-27,25.233333333333334,31.3,0.0,54.25,25.420394736842105,25.6,59.66447368421053,False,-0.1870614035087712
melbourne,2022,3,2022-04-10,21.150000000000002,26.5,0.0,65.66666666666667,26.6974358974359,27.4,43.65384615384615,False,-5.547435897435896
imola,2022,4,2022-04-24,12.891666666666664,15.5,3.3000000000000003,74.04166666666667,12.899367088607594,14.2,83.17088607594937,False,-0.007700421940930013
barcelona,2022,6,2022-05-22,25.441666666666663,34.8,0.0,34.041666666666664,36.56585365853659,37.2,7.109756097560975,False,-11.124186991869927
monaco,2022,7,2022-05-29,22.116666666666664,25.1,3.4000000000000004,67.70833333333333,22.27469387755102,24.3,75.66530612244898,True,-0.1580272108843559
baku,2022,8,2022-06-12,23.65416666666667,26.7,0.0,61.166666666666664,25.435403726708074,26.1,59.49068322981366,False,-1.7812370600414056
montr_al,2022,9,2022-06-19,15.866666666666667,20.9,0.0,46.625,20.762962962962963,22.3,28.925925925925927,False,-4.8962962962962955
silverstone,2022,10,2022-07-03,14.279166666666667,19.0,0.9,76.29166666666667,18.25320197044335,19.2,59.748768472906406,True,-3.9740353037766827
spielberg,2022,11,2022-07-10,15.658333333333337,20.4,3.9000000000000004,72.125,20.255921052631578,21.1,35.13815789473684,False,-4.597587719298241
budapest,2022,13,2022-07-31,18.375000000000004,21.0,7.9,79.20833333333333,18.559880239520957,19.4,69.31736526946108,True,-0.1848802395209539
spa_francorchamps,2022,14,2022-08-28,16.6875,20.8,0.2,66.875,21.78717948717949,22.5,40.51923076923077,False,-5.09967948717949
zandvoort,2022,15,2022-09-04,19.5625,23.9,1.8,78.70833333333333,22.73006134969325,23.3,75.38036809815951,False,-3.1675613496932513
monza,2022,16,2022-09-11,20.233333333333334,25.8,0.0,71.45833333333333,27.73469387755102,28.5,33.14965986394558,False,-7.501360544217686
suzuka,2022,18,2022-10-09,17.416666666666668,19.9,18.099999999999998,85.125,16.71764705882353,19.0,86.21176470588236,True,0.6990196078431374
austin,2022,19,2022-10-23,24.712500000000002,30.3,0.6,65.75,29.28529411764706,30.7,49.62352941176471,False,-4.572794117647057
mexico_city,2022,20,2022-10-30,17.095833333333335,24.1,0.8999999999999999,65.0,24.312727272727273,25.5,34.442424242424245,False,-7.2168939393939375
s_o_paulo,2022,21,2022-11-13,19.89166666666667,28.1,0.4,88.20833333333333,23.010778443113775,25.1,76.07784431137725,False,-3.119111776447106
yas_island,2022,22,2022-11-20,27.7,30.4,0.0,62.708333333333336,28.57548387096774,29.7,61.68387096774194,False,-0.8754838709677415
sakhir,2023,1,2023-03-05,24.74166666666666,32.2,0.0,36.875,27.43167701863354,29.8,21.496894409937887,False,-2.6900103519668797
jeddah,2023,2,2023-03-19,24.97916666666667,30.6,0.0,46.625,26.09189189189189,26.4,57.79054054054054,False,-1.112725225225219
melbourne,2023,3,2023-04-02,12.450000000000003,17.8,0.0,76.29166666666667,17.449549549549552,18.1,54.15765765765766,False,-4.999549549549549
baku,2023,4,2023-04-30,20.125000000000004,26.3,0.2,69.08333333333333,24.860625,25.6,49.225,False,-4.735624999999995
monaco,2023,6,2023-05-28,21.383333333333326,24.4,6.899999999999999,71.83333333333333,25.06590909090909,26.3,45.86363636363637,True,-3.6825757575757656
barcelona,2023,7,2023-06-04,18.695833333333336,22.6,10.799999999999999,81.125,22.674025974025977,24.7,63.077922077922075,False,-3.9781926406926402
montr_al,2023,8,2023-06-18,15.612499999999999,19.6,0.30000000000000004,77.25,18.530246913580246,19.5,63.901234567901234,False,-2.917746913580247
spielberg,2023,9,2023-07-02,17.91666666666666,24.0,0.30000000000000004,72.95833333333333,22.398039215686275,23.2,52.04575163398693,True,-4.481372549019614
silverstone,2023,10,2023-07-09,17.895833333333332,22.0,0.30000000000000004,75.41666666666667,21.473509933774835,22.5,56.18543046357616,False,-3.577676600441503
budapest,2023,11,2023-07-23,23.041666666666668,29.0,0.0,57.625,28.808536585365857,29.6,32.80487804878049,False,-5.766869918699189
spa_francorchamps,2023,12,2023-07-30,15.387500000000001,17.8,2.5,79.75,17.873333333333335,19.2,61.92666666666667,True,-2.485833333333334
zandvoort,2023,13,2023-08-27,15.987500000000002,17.4,3.4000000000000004,79.625,16.791866028708135,18.4,70.77511961722487,True,-0.8043660287081327
monza,2023,14,2023-09-03,22.429166666666664,27.9,0.0,76.83333333333333,29.330128205128204,30.3,42.32051282051282,False,-6.900961538461541
suzuka,2023,16,2023-09-24,23.024999999999995,26.7,0.0,67.625,27.28860759493671,27.7,42.31645569620253,False,-4.263607594936715
lusail,2023,17,2023-10-08,32.804166666666674,40.6,0.0,62.375,31.46289308176101,32.3,73.15723270440252,False,1.3412735849056645
austin,2023,18,2023-10-22,25.4875,31.3,0.2,68.41666666666667,29.96011904761905,31.0,41.910714285714285,False,-4.472619047619048
mexico_city,2023,19,2023-10-29,17.212500000000002,25.2,0.0,66.66666666666667,25.54736842105263,26.9,23.55263157894737,False,-8.33486842105263
s_o_paulo,2023,20,2023-11-05,17.283333333333328,21.1,0.30000000000000004,80.66666666666667,20.460109289617485,21.1,58.17486338797814,True,-3.176775956284157
yas_island,2023,22,2023-11-26,24.845833333333335,29.1,0.0,59.0,26.96282051282051,27.7,51.0,False,-2.1169871794871753
sakhir,2024,1,2024-03-02,16.741666666666667,21.2,0.0,53.583333333333336,18.227388535031846,18.9,48.82165605095541,False,-1.4857218683651787
jeddah,2024,2,2024-03-09,23.741666666666664,29.2,0.0,60.291666666666664,25.528082191780822,25.9,62.33561643835616,False,-1.7864155251141582
melbourne,2024,3,2024-03-24,15.887500000000001,21.4,0.0,65.95833333333333,20.62222222222222,22.0,44.451388888888886,False,-4.734722222222219
suzuka,2024,4,2024-04-07,15.770833333333334,21.3,0.0,78.29166666666667,21.691160220994476,22.7,43.430939226519335,False,-5.920326887661142
imola,2024,7,2024-05-19,18.337499999999995,23.7,0.2,78.58333333333333,25.113986013986015,26.1,48.42657342657343,False,-6.77648601398602
monaco,2024,8,2024-05-26,17.916666666666668,20.8,0.0,81.375,21.596500000000002,22.3,63.99,False,-3.6798333333333346
montr_al,2024,9,2024-06-09,16.233333333333334,19.3,4.3999999999999995,75.91666666666667,17.797345132743363,19.1,73.38053097345133,True,-1.5640117994100287
barcelona,2024,10,2024-06-23,19.695833333333336,22.1,2.8000000000000003,79.29166666666667,24.132467532467533,24.7,63.44155844155844,True,-4.436634199134197
spielberg,2024,11,2024-06-30,22.733333333333334,29.0,0.0,69.16666666666667,29.425874125874124,30.6,35.00699300699301,True,-6.69254079254079
silverstone,2024,12,2024-07-07,12.850000000000001,16.3,2.0,77.04166666666667,15.77074829931973,16.8,67.33333333333333,True,-2.920748299319728
budapest,2024,13,2024-07-21,24.104166666666668,28.5,0.2,71.04166666666667,28.823870967741936,30.3,46.92258064516129,False,-4.719704301075268
spa_francorchamps,2024,14,2024-07-28,15.945833333333333,19.8,0.0,80.66666666666667,21.32846715328467,22.1,49.583941605839414,False,-5.382633819951337
zandvoort,2024,15,2024-08-25,17.325,18.3,5.499999999999998,67.83333333333333,19.00588235294118,19.7,60.96078431372549,False,-1.680882352941179
monza,2024,16,2024-09-01,25.200000000000003,30.8,19.099999999999998,68.125,33.1015037593985,34.1,32.285714285714285,False,-7.901503759398494
baku,2024,17,2024-09-15,23.133333333333336,26.7,0.0,43.583333333333336,26.70592105263158,28.2,38.01973684210526,False,-3.5725877192982445
austin,2024,19,2024-10-20,22.904166666666665,29.4,0.0,54.791666666666664,28.121290322580645,29.3,35.535483870967745,False,-5.21712365591398
mexico_city,2024,20,2024-10-27,15.062499999999998,20.9,2.4000000000000004,72.375,19.88867924528302,21.2,51.0503144654088,False,-4.82617924528302
s_o_paulo,2024,21,2024-11-03,20.083333333333332,21.9,17.900000000000002,92.83333333333333,21.66268656716418,23.4,85.2587064676617,True,-1.5793532338308474
lusail,2024,23,2024-12-01,19.825,23.2,0.0,60.208333333333336,18.926490066225167,19.7,57.25165562913907,False,0.8985099337748323
yas_island,2024,24,2024-12-08,23.94583333333334,30.1,0.0,59.041666666666664,26.76824324324324,27.8,51.445945945945944,False,-2.8224099099099007
melbourne,2025,1,2025-03-16,18.54583333333333,25.0,17.700000000000006,71.45833333333333,15.707865168539326,16.6,78.42134831460675,True,2.8379681647940043
suzuka,2025,3,2025-04-06,12.120833333333332,15.9,16.900000000000002,82.75,14.43,14.7,76.37142857142857,False,-2.309166666666668
sakhir,2025,4,2025-04-13,26.325,30.3,0.0,54.791666666666664,27.052531645569623,27.9,45.32911392405063,False,-0.7275316455696235
jeddah,2025,5,2025-04-20,30.508333333333336,35.7,0.0,46.0,29.483802816901406,31.7,62.725352112676056,False,1.0245305164319305
imola,2025,7,2025-05-18,17.708333333333332,21.8,1.0,55.25,23.964666666666666,24.3,38.306666666666665,False,-6.256333333333334
monaco,2025,8,2025-05-25,18.291666666666668,22.0,0.0,66.91666666666667,22.209375,22.9,52.51875,False,-3.9177083333333336
barcelona,2025,9,2025-06-01,23.48333333333333,29.8,0.0,64.16666666666667,29.12,30.0,54.6258064516129,False,-5.63666666666667
montr_al,2025,10,2025-06-15,19.34166666666667,25.8,0.0,45.166666666666664,24.036526946107784,25.6,27.976047904191617,True,-4.694860279441116
spielberg,2025,11,2025-06-29,23.958333333333332,31.9,0.0,60.083333333333336,30.347826086956523,31.3,31.981366459627328,False,-6.389492753623191
silverstone,2025,12,2025-07-06,17.004166666666666,19.4,12.099999999999998,77.0,17.91741935483871,19.6,78.3741935483871,True,-0.9132526881720437
spa_francorchamps,2025,13,2025-07-27,15.424999999999999,19.1,10.299999999999999,91.375,17.03004484304933,19.0,84.4439461883408,True,-1.6050448430493294
budapest,2025,14,2025-08-03,20.76666666666667,25.9,3.1,67.29166666666667,22.082165605095543,22.5,57.24203821656051,False,-1.315498938428874
zandvoort,2025,15,2025-08-31,18.816666666666666,20.4,3.400000000000001,79.66666666666667,20.077358490566038,20.7,71.17610062893081,False,-1.2606918238993714
monza,2025,16,2025-09-07,20.4,25.4,0.0,73.79166666666667,26.76111111111111,27.4,42.604166666666664,False,-6.361111111111111
baku,2025,17,2025-09-21,17.19166666666667,19.2,2.2,71.58333333333333,20.551923076923078,21.1,59.833333333333336,False,-3.360256410256408
austin,2025,19,2025-10-19,23.945833333333336,29.5,0.0,37.458333333333336,28.267532467532465,29.3,22.532467532467532,False,-4.321699134199129
mexico_city,2025,20,2025-10-26,19.570833333333336,27.3,0.0,50.083333333333336,26.405555555555555,27.1,23.234567901234566,False,-6.834722222222219
s_o_paulo,2025,21,2025-11-09,15.991666666666667,19.5,1.9000000000000004,83.16666666666667,17.348026315789475,18.0,70.57236842105263,False,-1.3563596491228083
lusail,2025,23,2025-11-30,21.495833333333334,27.0,0.0,68.20833333333333,22.599328859060403,23.7,69.04697986577182,False,-1.1034955257270695
yas_island,2025,24,2025-12-07,23.745833333333334,29.9,0.0,67.875,26.674025974025977,27.5,60.44155844155844,False,-2.928192640692643
melbourne,2026,1,2026-03-08,19.0875,24.8,0.0,67.41666666666667,24.23445945945946,25.3,53.972972972972975,False,-5.14695945945946
suzuka,2026,3,2026-03-29,13.6875,18.9,0.0,74.875,18.556410256410256,19.5,52.49551282051282,False,-4.868910256410256
montr_al,2026,5,2026-05-24,12.916666666666664,15.8,4.800000000000001,71.54166666666667,12.84875,13.7,71.69500000000001,False,0.06791666666666352
monaco,2026,6,2026-06-07,20.316666666666666,23.5,0.0,73.33333333333333,23.677403846153844,24.5,62.19855769230769,False,-3.3607371794871774
barcelona,2026,7,2026-06-14,25.991666666666664,31.5,0.0,37.666666666666664,30.52933333333333,31.1,28.865999999999996,False,-4.5376666666666665
spielberg,2026,8,2026-06-28,26.09166666666667,34.2,0.2,56.916666666666664,34.46711409395974,35.1,29.799999999999997,False,-8.375447427293068
silverstone,2026,9,2026-07-05,20.383333333333336,25.3,0.0,68.16666666666667,24.758333333333333,26.1,49.937820512820515,False,-4.3749999999999964
spa_francorchamps,2026,10,2026-07-19,14.754166666666665,18.4,0.8,68.625,18.035616438356165,19.3,48.794520547945204,False,-3.2814497716895
budapest,2026,11,2026-07-26,25.054166666666674,31.9,0.0,34.583333333333336,30.754777070063696,31.6,25.59235668789809,False,-5.700610403397022
zandvoort,2026,12,2026-08-23,17.162499999999998,17.7,1.7000000000000006,67.125,18.5151832460733,19.5,59.84450261780104,True,-1.3526832460733011
monza,2026,13,2026-09-06,28.020833333333332,32.5,0.0,47.125,32.17272727272727,32.9,37.69943181818182,False,-4.15189393939394
