circuit,compound,n_laps,slope,intercept,r_squared
austin,HARD,2414,0.0002866399441868814,-0.10503815230051596,2.8867519857866952e-06
austin,MEDIUM,2190,-0.011321945999556724,0.4639754627881282,0.0032319369727326075
austin,SOFT,1078,-0.007009056424787145,-0.16059200348269434,0.001603325077366935
austin,SUPERSOFT,209,-0.06871880850257965,1.6384579312692653,0.11392650078364297
austin,ULTRASOFT,97,0.042770782558931304,0.3262968810127517,0.07706827084275769
baku,HARD,2807,-0.03238127149095583,0.515259541994514,0.07995011959538445
baku,MEDIUM,1412,-0.061068945583269675,0.9994023021773165,0.1336354026611578
baku,SOFT,541,-0.055452546107110014,1.4024560099095058,0.05357503553137588
baku,SUPERSOFT,182,-0.14815523996848143,2.854966349676092,0.6080069333430325
baku,ULTRASOFT,79,-0.0970814427507977,2.9768322403403062,0.023627695980955044
barcelona,HARD,1641,0.0100734404061765,-0.30407211683670327,0.0035343504956520944
barcelona,MEDIUM,4082,-0.001264231746339585,-0.02625898823055629,5.421134786687265e-05
barcelona,SOFT,3788,-0.015708770618630956,0.2766036204954197,0.004922799411102408
barcelona,SUPERSOFT,34,-0.03406566138576069,1.9380180377934804,0.027193401764800673
budapest,HARD,4603,0.009219231016035173,-0.37267836469203447,0.006689903947395548
budapest,INTERMEDIATE,21,0.894666666666672,12.096999999999984,0.04310441224147299
budapest,MEDIUM,3877,-0.00928261446688658,0.5147788884429539,0.003389929952152926
budapest,SOFT,1509,-0.02021918477929323,0.24391753974610172,0.014643038284928855
budapest,ULTRASOFT,240,-0.010411644517974073,-0.10075818888878164,0.0030953605877601653
imola,HARD,1712,0.002431625970327606,-0.19981170162901543,0.0006215230460266952
imola,INTERMEDIATE,536,-0.326578134662277,14.711493546361803,0.3476805462013871
imola,MEDIUM,2102,-0.04380181214905583,0.5918415017978025,0.12645351617409684
imola,SOFT,325,-0.12262895622719701,0.7627534804232405,0.19223673306707878
imola,WET,9,-1.398876033057855,32.41353719008267,0.5641940021179096
jeddah,HARD,2226,-0.05255855964035122,0.8972864741002183,0.1474119447498461
jeddah,MEDIUM,1224,-0.07302992570587306,1.5256087083500869,0.18689698528833365
jeddah,SOFT,90,-0.10915476036687764,0.6171685053610679,0.11450515518249638
lusail,HARD,1156,-0.044857731171990774,-0.37637418840842213,0.0538252689277956
lusail,MEDIUM,1857,-0.051690600375226055,1.2137582143523502,0.07091244170672895
lusail,SOFT,290,-0.05363516475760976,2.019329479931967,0.06068081775844192
melbourne,HARD,2665,-0.027537823695452303,0.32740420674570486,0.05873083378977373
melbourne,INTERMEDIATE,511,-0.17245554102451066,3.3461283831204263,0.35674377016128256
melbourne,MEDIUM,1108,-0.04517586897906009,1.089663188410833,0.08895865128789826
melbourne,SOFT,686,-0.08468601860576723,1.3744176901518435,0.31840204786863824
melbourne,SUPERSOFT,105,-0.12445327237209519,2.722737585040134,0.37977836608956417
melbourne,ULTRASOFT,240,-0.06045706894607936,2.071139606717649,0.17408451962836902
mexico_city,HARD,2828,-0.0044518803785383925,0.15516745792525297,0.0015645279079140595
mexico_city,HYPERSOFT,52,0.26864777356535646,-2.5591514352320663,0.31755938492312896
mexico_city,MEDIUM,2977,-0.011548745213341139,0.47860158048743484,0.00974707147414422
mexico_city,SOFT,1047,0.010107989467387038,-0.19933284785818237,0.005345833043267301
mexico_city,SUPERSOFT,751,-0.000956718698687007,-0.23522444091552358,6.0728062967640994e-05
mexico_city,ULTRASOFT,240,0.026829597240792282,-0.7770074472911881,0.01700199620412135
monaco,HARD,3729,-0.01442559925366799,0.2706019122956039,0.01937032585387577
monaco,HYPERSOFT,272,0.030176196012241988,-0.9826171276971992,0.02919195146911191
monaco,INTERMEDIATE,332,-0.7616019385326349,25.121544931476265,0.7345438142107753
monaco,MEDIUM,2711,-0.01862036276301644,0.5330287845847305,0.028585572490703925
monaco,SOFT,1037,0.013230451197262443,-0.1483574809528467,0.008798545369119726
monaco,SUPERSOFT,518,-0.00421387415150381,0.04234575081682902,0.005113236421990797
monaco,ULTRASOFT,520,-0.018087481530158538,0.6719019214991394,0.13718426145902907
monaco,WET,204,-0.7748369481747377,26.265383388356085,0.7413342707323078
montr_al,HARD,3298,0.0002728583328728811,-0.032860818031430594,1.0007197203121265e-05
montr_al,HYPERSOFT,85,-0.06006101757602073,1.2793910141991143,0.0719991970975794
montr_al,INTERMEDIATE,636,-0.27994230540823584,6.032340468519634,0.3402818849076821
montr_al,MEDIUM,1668,-0.030513968935074146,-0.05621917566694151,0.014322218677167653
montr_al,SOFT,426,-0.08661652622841795,2.1509988533853384,0.1750118792636246
montr_al,SUPERSOFT,785,-0.014454904494350038,0.16570710706282943,0.0311546148627736
montr_al,ULTRASOFT,225,-0.042426603625714765,1.1657830209774624,0.17122764897567078
montr_al,WET,13,-0.28157959183673476,9.700446938775519,0.405257453886555
monza,HARD,2867,-0.010451937263069413,0.024583786121918232,0.011545153643801043
monza,MEDIUM,2849,-0.02844368770984307,0.5212110799816884,0.05239513145294572
monza,SOFT,832,0.01256827247732967,-0.08750048203742256,0.004790341093332207
s_o_paulo,HARD,797,0.01431283526966126,-0.3912559635523648,0.01475487270402176
s_o_paulo,INTERMEDIATE,775,-0.14283320221404303,2.782407915248598,0.6060972238901954
s_o_paulo,MEDIUM,2950,0.004570042612768061,0.0017091531920459323,0.0016831162728122573
s_o_paulo,SOFT,2120,-0.010140663848693367,0.09120881803767059,0.0035025874441816374
s_o_paulo,SUPERSOFT,360,0.00019238099044840629,-0.21034419641518792,2.183156055046709e-06
sakhir,HARD,2680,-0.09415400435571541,6.7629996088609365,0.002629435920226353
sakhir,MEDIUM,2601,-0.03112260739563786,2.5184689311146244,0.0009989998569500669
sakhir,SOFT,2288,-0.01658942700515715,0.4168040625734655,0.005814942076668994
sakhir,SUPERSOFT,249,0.032997899804977616,-0.32632933310526996,0.0182063234867883
silverstone,HARD,2633,-0.04511440417135402,0.34335867725081726,0.08837564902622663
silverstone,INTERMEDIATE,488,-0.5112316077475104,11.61367553873185,0.6722233793177285
silverstone,MEDIUM,2924,-0.00560842921333583,0.35218700426731275,0.000511033360941382
silverstone,SOFT,1064,-0.005842109951195897,-0.32946776882027995,0.00032501417376662456
spa_francorchamps,HARD,1431,-0.013191978763509861,-0.09922930209795917,0.005651548845277521
spa_francorchamps,INTERMEDIATE,140,0.4229517398911348,11.74298031687404,0.26251587981539715
spa_francorchamps,MEDIUM,2157,-0.030021813919534363,0.6958398356012978,0.018672037845472556
spa_francorchamps,SOFT,1185,0.002597943324528035,-0.14911944727783125,0.00013339862399031066
spa_francorchamps,SUPERSOFT,302,-0.02145504007449536,0.3495752635604709,0.013138218175967276
spielberg,HARD,5296,0.007968925502067195,-0.25920546867290023,0.006275904107771568
spielberg,MEDIUM,4359,-0.013431156678461306,0.42050317472125165,0.009376743147316513
spielberg,SOFT,1899,-0.020766538060915593,0.5590240635976004,0.041618553221062005
spielberg,SUPERSOFT,235,-0.018378334883157342,0.6584507606843231,0.0371943527289631
spielberg,ULTRASOFT,82,-0.05248269752098501,1.2110721004670546,0.2037058618527927
suzuka,HARD,2075,-0.023309851904823833,0.035835154486060526,0.02042661268453161
suzuka,INTERMEDIATE,345,0.10523256489019772,-1.3377598961001438,0.19438794390470981
suzuka,MEDIUM,2039,-0.0027191418283460203,0.44506628375085805,0.00018194254803993726
suzuka,SOFT,744,-0.03160767693232955,0.13616892155475743,0.015007857220193932
suzuka,SUPERSOFT,146,0.06837151964151285,-0.8761863505783649,0.15187443864650496
suzuka,WET,22,-0.8523000000000038,10.601600000000024,0.12929097603321849
yas_island,HARD,4310,-0.007419789892144522,-0.08050835009835561,0.004531897150987119
yas_island,HYPERSOFT,25,0.004159220726234138,1.213320073439409,0.00012705694995007732
yas_island,MEDIUM,2044,-0.0069472477600303305,0.41673333177400707,0.001261674830218218
yas_island,SOFT,346,0.013436914524292534,0.29166048580303994,0.0022455653623022487
yas_island,SUPERSOFT,546,-0.04312473289961472,1.1311915072603702,0.0609974499179492
yas_island,ULTRASOFT,196,-0.01787024739952415,0.4590106685011833,0.010162554398709944
zandvoort,HARD,2497,0.0001013334734752554,-0.1753706644219563,8.069927418530298e-07
zandvoort,INTERMEDIATE,194,-0.19482274870521088,9.201319674648067,0.1316842160233862
zandvoort,MEDIUM,2057,-0.007781604640912016,0.3110063995651828,0.0032600617099591833
zandvoort,SOFT,1960,-0.008177386617047613,-0.1102559642580307,0.0019251270540220355
