circuit,pit_loss_seconds,n_stops,n_excluded_sc_vsc_stops,reference_laptime_seconds
austin,21.7025,186,17,101.487
baku,23.769999999999996,98,31,107.892
barcelona,23.367999999999995,322,43,82.84
budapest,22.373500000000007,258,41,83.8805
imola,30.51000000000002,97,45,81.58
jeddah,22.420000000000016,37,17,94.636
lusail,29.0505,96,66,87.514
melbourne,20.426999999999992,77,86,85.317
mexico_city,23.216999999999985,158,11,83.024
monaco,19.290000000000006,140,121,78.524
montr_al,20.11099999999999,119,144,77.432
monza,25.67349999999999,122,51,86.041
s_o_paulo,21.919999999999987,186,107,75.388
sakhir,24.876000000000005,281,80,97.153
silverstone,23.62999999999998,206,99,93.239
spa_francorchamps,21.728000000000023,180,15,110.87549999999999
spielberg,22.323499999999996,284,94,70.478
suzuka,24.509000000000015,165,25,96.249
yas_island,22.870000000000005,178,25,91.008
zandvoort,23.682000000000016,195,81,76.619
